{
  "name": "views",
  "version": "1.0.0",
  "lockfileVersion": 3,
  "requires": true,
  "packages": {
    "": {
      "name": "views",
      "version": "1.0.0",
      "license": "ISC",
      "dependencies": {
        "ejs": "^3.1.10",
        "express": "^4.21.2",
        "sqlite3": "^5.1.7"
      }
    },
    "node_modules/@gar/promisify": {
      "version": "1.1.3",
      "resolved": "https://registry.npmjs.org/@gar/promisify/-/promisify-1.1.3.tgz",
      "integrity": "sha512-k2Ty1JcVojjJFwrg/ThKi2ujJ7XNLYaFGNB/bWT9wGR+oSMJHMa5w+CUq6p/pVrKeNNgA7pCqEcjSnHVoqJQFw==",
      "license": "MIT",
      "optional": true
    },
    "node_modules/@npmcli/fs": {
      "version": "1.1.1",
      "resolved": "https://registry.npmjs.org/@npmcli/fs/-/fs-1.1.1.tgz",
      "integrity": "sha512-8KG5RD0GVP4ydEzRn/I4BNDuxDtqVbOdm8675T49OIG/NGhaK0pjPX7ZcDlvKYbA+ulvVK3ztfcF4uBdOxuJbQ==",
      "license": "ISC",
      "optional": true,
      "dependencies": {
        "@gar/promisify": "^1.0.1",
        "semver": "^7.3.5"
      }
    },
    "node_modules/@npmcli/move-file": {
      "version": "1.1.2",
      "resolved": "https://registry.npmjs.org/@npmcli/move-file/-/move-file-1.1.2.tgz",
      "integrity": "sha512-1SUf/Cg2GzGDyaf15aR9St9TWlb+XvbZXWpDx8YKs7MLzMH/BCeopv+y9vzrzgkfykCGuWOlSu3mZhj2+FQcrg==",
      "deprecated": "This functionality has been moved to @npmcli/fs",
      "license": "MIT",
      "optional": true,
      "dependencies": {
        "mkdirp": "^1.0.4",
        "rimraf": "^3.0.2"
      },
      "engines": {
        "node": ">=10"
      }
    },
    "node_modules/@tootallnate/once": {
      "version": "1.1.2",
      "resolved": "https://registry.npmjs.org/@tootallnate/once/-/once-1.1.2.tgz",
      "integrity": "sha512-RbzJvlNzmRq5c3O09UipeuXno4tA1FE6ikOjxZK0tuxVv3412l64l5t1W5pj4+rJq9vpkm/kwiR07aZXnsKPxw==",
      "license": "MIT",
      "optional": true,
      "engines": {
        "node": ">= 6"
      }
    },
    "node_modules/abbrev": {
      "version": "1.1.1",
      "resolved": "https://registry.npmjs.org/abbrev/-/abbrev-1.1.1.tgz",
      "integrity": "sha512-nne9/IiQ/hzIhY6pdDnbBtz7DjPTKrY00P/zvPSm5pOFkl6xuGrGnXn/VtTNNfNtAfZ9/1RtehkszU9qcTii0Q==",
      "license": "ISC",
      "optional": true
    },
    "node_modules/accepts": {
      "version": "1.3.8",
      "resolved": "https://registry.npmjs.org/accepts/-/accepts-1.3.8.tgz",
      "integrity": "sha512-PYAthTa2m2VKxuvSD3DPC/Gy+U+sOA1LAuT8mkmRuvw+NACSaeXEQ+NHcVF7rONl6qcaxV3Uuemwawk+7+SJLw==",
      "license": "MIT",
      "dependencies": {
        "mime-types": "~2.1.34",
        "negotiator": "0.6.3"
      },
      "engines": {
        "node": ">= 0.6"
      }
    },
    "node_modules/agent-base": {
      "version": "6.0.2",
      "resolved": "https://registry.npmjs.org/agent-base/-/agent-base-6.0.2.tgz",
      "integrity": "sha512-RZNwNclF7+MS/8bDg70amg32dyeZGZxiDuQmZxKLAlQjr3jGyLx+4Kkk58UO7D2QdgFIQCovuSuZESne6RG6XQ==",
      "license": "MIT",
      "optional": true,
      "dependencies": {
        "debug": "4"
      },
      "engines": {
        "node": ">= 6.0.0"
      }
    },
    "node_modules/agent-base/node_modules/debug": {
      "version": "4.4.0",
      "resolved": "https://registry.npmjs.org/debug/-/debug-4.4.0.tgz",
      "integrity": "sha512-6WTZ/IxCY/T6BALoZHaE4ctp9xm+Z5kY/pzYaCHRFeyVhojxlrm+46y68HA6hr0TcwEssoxNiDEUJQjfPZ/RYA==",
      "license": "MIT",
      "optional": true,
      "dependencies": {
        "ms": "^2.1.3"
      },
      "engines": {
        "node": ">=6.0"
      },
      "peerDependenciesMeta": {
        "supports-color": {
          "optional": true
        }
      }
    },
    "node_modules/agent-base/node_modules/ms": {
      "version": "2.1.3",
      "resolved": "https://registry.npmjs.org/ms/-/ms-2.1.3.tgz",
      "integrity": "sha512-6FlzubTLZG3J2a/NVCAleEhjzq5oxgHyaCU9yYXvcLsvoVaHJq/s5xXI6/XXP6tz7R9xAOtHnSO/tXtF3WRTlA==",
      "license": "MIT",
      "optional": true
    },
    "node_modules/agentkeepalive": {
      "version": "4.6.0",
      "resolved": "https://registry.npmjs.org/agentkeepalive/-/agentkeepalive-4.6.0.tgz",
      "integrity": "sha512-kja8j7PjmncONqaTsB8fQ+wE2mSU2DJ9D4XKoJ5PFWIdRMa6SLSN1ff4mOr4jCbfRSsxR4keIiySJU0N9T5hIQ==",
      "license": "MIT",
      "optional": true,
      "dependencies": {
        "humanize-ms": "^1.2.1"
      },
      "engines": {
        "node": ">= 8.0.0"
      }
    },
    "node_modules/aggregate-error": {
      "version": "3.1.0",
      "resolved": "https://registry.npmjs.org/aggregate-error/-/aggregate-error-3.1.0.tgz",
      "integrity": "sha512-4I7Td01quW/RpocfNayFdFVk1qSuoh0E7JrbRJ16nH01HhKFQ88INq9Sd+nd72zqRySlr9BmDA8xlEJ6vJMrYA==",
      "license": "MIT",
      "optional": true,
      "dependencies": {
        "clean-stack": "^2.0.0",
        "indent-string": "^4.0.0"
      },
      "engines": {
        "node": ">=8"
      }
    },
    "node_modules/ansi-regex": {
      "version": "5.0.1",
      "resolved": "https://registry.npmjs.org/ansi-regex/-/ansi-regex-5.0.1.tgz",
      "integrity": "sha512-quJQXlTSUGL2LH9SUXo8VwsY4soanhgo6LNSm84E1LBcE8s3O0wpdiRzyR9z/ZZJMlMWv37qOOb9pdJlMUEKFQ==",
      "license": "MIT",
      "optional": true,
      "engines": {
        "node": ">=8"
      }
    },
    "node_modules/ansi-styles": {
      "version": "4.3.0",
      "resolved": "https://registry.npmjs.org/ansi-styles/-/ansi-styles-4.3.0.tgz",
      "integrity": "sha512-zbB9rCJAT1rbjiVDb2hqKFHNYLxgtk8NURxZ3IZwD3F6NtxbXZQCnnSi1Lkx+IDohdPlFp222wVALIheZJQSEg==",
      "license": "MIT",
      "dependencies": {
        "color-convert": "^2.0.1"
      },
      "engines": {
        "node": ">=8"
      },
      "funding": {
        "url": "https://github.com/chalk/ansi-styles?sponsor=1"
      }
    },
    "node_modules/aproba": {
      "version": "2.0.0",
      "resolved": "https://registry.npmjs.org/aproba/-/aproba-2.0.0.tgz",
      "integrity": "sha512-lYe4Gx7QT+MKGbDsA+Z+he/Wtef0BiwDOlK/XkBrdfsh9J/jPPXbX0tE9x9cl27Tmu5gg3QUbUrQYa/y+KOHPQ==",
      "license": "ISC",
      "optional": true
    },
    "node_modules/are-we-there-yet": {
      "version": "3.0.1",
      "resolved": "https://registry.npmjs.org/are-we-there-yet/-/are-we-there-yet-3.0.1.tgz",
      "integrity": "sha512-QZW4EDmGwlYur0Yyf/b2uGucHQMa8aFUP7eu9ddR73vvhFyt4V0Vl3QHPcTNJ8l6qYOBdxgXdnBXQrHilfRQBg==",
      "deprecated": "This package is no longer supported.",
      "license": "ISC",
      "optional": true,
      "dependencies": {
        "delegates": "^1.0.0",
        "readable-stream": "^3.6.0"
      },
      "engines": {
        "node": "^12.13.0 || ^14.15.0 || >=16.0.0"
      }
    },
    "node_modules/array-flatten": {
      "version": "1.1.1",
      "resolved": "https://registry.npmjs.org/array-flatten/-/array-flatten-1.1.1.tgz",
      "integrity": "sha512-PCVAQswWemu6UdxsDFFX/+gVeYqKAod3D3UVm91jHwynguOwAvYPhx8nNlM++NqRcK6CxxpUafjmhIdKiHibqg==",
      "license": "MIT"
    },
    "node_modules/async": {
      "version": "3.2.6",
      "resolved": "https://registry.npmjs.org/async/-/async-3.2.6.tgz",
      "integrity": "sha512-htCUDlxyyCLMgaM3xXg0C0LW2xqfuQ6p05pCEIsXuyQ+a1koYKTuBMzRNwmybfLgvJDMd0r1LTn4+E0Ti6C2AA==",
      "license": "MIT"
    },
    "node_modules/balanced-match": {
      "version": "1.0.2",
      "resolved": "https://registry.npmjs.org/balanced-match/-/balanced-match-1.0.2.tgz",
      "integrity": "sha512-3oSeUO0TMV67hN1AmbXsK4yaqU7tjiHlbxRDZOpH0KW9+CeX4bRAaX0Anxt0tx2MrpRpWwQaPwIlISEJhYU5Pw==",
      "license": "MIT"
    },
    "node_modules/base64-js": {
      "version": "1.5.1",
      "resolved": "https://registry.npmjs.org/base64-js/-/base64-js-1.5.1.tgz",
      "integrity": "sha512-AKpaYlHn8t4SVbOHCy+b5+KKgvR4vrsD8vbvrbiQJps7fKDTkjkDry6ji0rUJjC0kzbNePLwzxq8iypo41qeWA==",
      "funding": [
        {
          "type": "github",
          "url": "https://github.com/sponsors/feross"
        },
        {
          "type": "patreon",
          "url": "https://www.patreon.com/feross"
        },
        {
          "type": "consulting",
          "url": "https://feross.org/support"
        }
      ],
      "license": "MIT"
    },
    "node_modules/bindings": {
      "version": "1.5.0",
      "resolved": "https://registry.npmjs.org/bindings/-/bindings-1.5.0.tgz",
      "integrity": "sha512-p2q/t/mhvuOj/UeLlV6566GD/guowlr0hHxClI0W9m7MWYkL1F0hLo+0Aexs9HSPCtR1SXQ0TD3MMKrXZajbiQ==",
      "license": "MIT",
      "dependencies": {
        "file-uri-to-path": "1.0.0"
      }
    },
    "node_modules/bl": {
      "version": "4.1.0",
      "resolved": "https://registry.npmjs.org/bl/-/bl-4.1.0.tgz",
      "integrity": "sha512-1W07cM9gS6DcLperZfFSj+bWLtaPGSOHWhPiGzXmvVJbRLdG82sH/Kn8EtW1VqWVA54AKf2h5k5BbnIbwF3h6w==",
      "license": "MIT",
      "dependencies": {
        "buffer": "^5.5.0",
        "inherits": "^2.0.4",
        "readable-stream": "^3.4.0"
      }
    },
    "node_modules/body-parser": {
      "version": "1.20.3",
      "resolved": "https://registry.npmjs.org/body-parser/-/body-parser-1.20.3.tgz",
      "integrity": "sha512-7rAxByjUMqQ3/bHJy7D6OGXvx/MMc4IqBn/X0fcM1QUcAItpZrBEYhWGem+tzXH90c+G01ypMcYJBO9Y30203g==",
      "license": "MIT",
      "dependencies": {
        "bytes": "3.1.2",
        "content-type": "~1.0.5",
        "debug": "2.6.9",
        "depd": "2.0.0",
        "destroy": "1.2.0",
        "http-errors": "2.0.0",
        "iconv-lite": "0.4.24",
        "on-finished": "2.4.1",
        "qs": "6.13.0",
        "raw-body": "2.5.2",
        "type-is": "~1.6.18",
        "unpipe": "1.0.0"
      },
      "engines": {
        "node": ">= 0.8",
        "npm": "1.2.8000 || >= 1.4.16"
      }
    },
    "node_modules/brace-expansion": {
      "version": "1.1.11",
      "resolved": "https://registry.npmjs.org/brace-expansion/-/brace-expansion-1.1.11.tgz",
      "integrity": "sha512-iCuPHDFgrHX7H2vEI/5xpz07zSHB00TpugqhmYtVmMO6518mCuRMoOYFldEBl0g187ufozdaHgWKcYFb61qGiA==",
      "license": "MIT",
      "dependencies": {
        "balanced-match": "^1.0.0",
        "concat-map": "0.0.1"
      }
    },
    "node_modules/buffer": {
      "version": "5.7.1",
      "resolved": "https://registry.npmjs.org/buffer/-/buffer-5.7.1.tgz",
      "integrity": "sha512-EHcyIPBQ4BSGlvjB16k5KgAJ27CIsHY/2JBmCRReo48y9rQ3MaUzWX3KVlBa4U7MyX02HdVj0K7C3WaB3ju7FQ==",
      "funding": [
        {
          "type": "github",
          "url": "https://github.com/sponsors/feross"
        },
        {
          "type": "patreon",
          "url": "https://www.patreon.com/feross"
        },
        {
          "type": "consulting",
          "url": "https://feross.org/support"
        }
      ],
      "license": "MIT",
      "dependencies": {
        "base64-js": "^1.3.1",
        "ieee754": "^1.1.13"
      }
    },
    "node_modules/bytes": {
      "version": "3.1.2",
      "resolved": "https://registry.npmjs.org/bytes/-/bytes-3.1.2.tgz",
      "integrity": "sha512-/Nf7TyzTx6S3yRJObOAV7956r8cr2+Oj8AC5dt8wSP3BQAoeX58NoHyCU8P8zGkNXStjTSi6fzO6F0pBdcYbEg==",
      "license": "MIT",
      "engines": {
        "node": ">= 0.8"
      }
    },
    "node_modules/cacache": {
      "version": "15.3.0",
      "resolved": "https://registry.npmjs.org/cacache/-/cacache-15.3.0.tgz",
      "integrity": "sha512-VVdYzXEn+cnbXpFgWs5hTT7OScegHVmLhJIR8Ufqk3iFD6A6j5iSX1KuBTfNEv4tdJWE2PzA6IVFtcLC7fN9wQ==",
      "license": "ISC",
      "optional": true,
      "dependencies": {
        "@npmcli/fs": "^1.0.0",
        "@npmcli/move-file": "^1.0.1",
        "chownr": "^2.0.0",
        "fs-minipass": "^2.0.0",
        "glob": "^7.1.4",
        "infer-owner": "^1.0.4",
        "lru-cache": "^6.0.0",
        "minipass": "^3.1.1",
        "minipass-collect": "^1.0.2",
        "minipass-flush": "^1.0.5",
        "minipass-pipeline": "^1.2.2",
        "mkdirp": "^1.0.3",
        "p-map": "^4.0.0",
        "promise-inflight": "^1.0.1",
        "rimraf": "^3.0.2",
        "ssri": "^8.0.1",
        "tar": "^6.0.2",
        "unique-filename": "^1.1.1"
      },
      "engines": {
        "node": ">= 10"
      }
    },
    "node_modules/call-bind-apply-helpers": {
      "version": "1.0.2",
      "resolved": "https://registry.npmjs.org/call-bind-apply-helpers/-/call-bind-apply-helpers-1.0.2.tgz",
      "integrity": "sha512-Sp1ablJ0ivDkSzjcaJdxEunN5/XvksFJ2sMBFfq6x0ryhQV/2b/KwFe21cMpmHtPOSij8K99/wSfoEuTObmuMQ==",
      "license": "MIT",
      "dependencies": {
        "es-errors": "^1.3.0",
        "function-bind": "^1.1.2"
      },
      "engines": {
        "node": ">= 0.4"
      }
    },
    "node_modules/call-bound": {
      "version": "1.0.3",
      "resolved": "https://registry.npmjs.org/call-bound/-/call-bound-1.0.3.tgz",
      "integrity": "sha512-YTd+6wGlNlPxSuri7Y6X8tY2dmm12UMH66RpKMhiX6rsk5wXXnYgbUcOt8kiS31/AjfoTOvCsE+w8nZQLQnzHA==",
      "license": "MIT",
      "dependencies": {
        "call-bind-apply-helpers": "^1.0.1",
        "get-intrinsic": "^1.2.6"
      },
      "engines": {
        "node": ">= 0.4"
      },
      "funding": {
        "url": "https://github.com/sponsors/ljharb"
      }
    },
    "node_modules/chalk": {
      "version": "4.1.2",
      "resolved": "https://registry.npmjs.org/chalk/-/chalk-4.1.2.tgz",
      "integrity": "sha512-oKnbhFyRIXpUuez8iBMmyEa4nbj4IOQyuhc/wy9kY7/WVPcwIO9VA668Pu8RkO7+0G76SLROeyw9CpQ061i4mA==",
      "license": "MIT",
      "dependencies": {
        "ansi-styles": "^4.1.0",
        "supports-color": "^7.1.0"
      },
      "engines": {
        "node": ">=10"
      },
      "funding": {
        "url": "https://github.com/chalk/chalk?sponsor=1"
      }
    },
    "node_modules/chownr": {
      "version": "2.0.0",
      "resolved": "https://registry.npmjs.org/chownr/-/chownr-2.0.0.tgz",
      "integrity": "sha512-bIomtDF5KGpdogkLd9VspvFzk9KfpyyGlS8YFVZl7TGPBHL5snIOnxeshwVgPteQ9b4Eydl+pVbIyE1DcvCWgQ==",
      "license": "ISC",
      "engines": {
        "node": ">=10"
      }
    },
    "node_modules/clean-stack": {
      "version": "2.2.0",
      "resolved": "https://registry.npmjs.org/clean-stack/-/clean-stack-2.2.0.tgz",
      "integrity": "sha512-4diC9HaTE+KRAMWhDhrGOECgWZxoevMc5TlkObMqNSsVU62PYzXZ/SMTjzyGAFF1YusgxGcSWTEXBhp0CPwQ1A==",
      "license": "MIT",
      "optional": true,
      "engines": {
        "node": ">=6"
      }
    },
    "node_modules/color-convert": {
      "version": "2.0.1",
      "resolved": "https://registry.npmjs.org/color-convert/-/color-convert-2.0.1.tgz",
      "integrity": "sha512-RRECPsj7iu/xb5oKYcsFHSppFNnsj/52OVTRKb4zP5onXwVF3zVmmToNcOfGC+CRDpfK/U584fMg38ZHCaElKQ==",
      "license": "MIT",
      "dependencies": {
        "color-name": "~1.1.4"
      },
      "engines": {
        "node": ">=7.0.0"
      }
    },
    "node_modules/color-name": {
      "version": "1.1.4",
      "resolved": "https://registry.npmjs.org/color-name/-/color-name-1.1.4.tgz",
      "integrity": "sha512-dOy+3AuW3a2wNbZHIuMZpTcgjGuLU/uBL/ubcZF9OXbDo8ff4O8yVp5Bf0efS8uEoYo5q4Fx7dY9OgQGXgAsQA==",
      "license": "MIT"
    },
    "node_modules/color-support": {
      "version": "1.1.3",
      "resolved": "https://registry.npmjs.org/color-support/-/color-support-1.1.3.tgz",
      "integrity": "sha512-qiBjkpbMLO/HL68y+lh4q0/O1MZFj2RX6X/KmMa3+gJD3z+WwI1ZzDHysvqHGS3mP6mznPckpXmw1nI9cJjyRg==",
      "license": "ISC",
      "optional": true,
      "bin": {
        "color-support": "bin.js"
      }
    },
    "node_modules/concat-map": {
      "version": "0.0.1",
      "resolved": "https://registry.npmjs.org/concat-map/-/concat-map-0.0.1.tgz",
      "integrity": "sha512-/Srv4dswyQNBfohGpz9o6Yb3Gz3SrUDqBH5rTuhGR7ahtlbYKnVxw2bCFMRljaA7EXHaXZ8wsHdodFvbkhKmqg==",
      "license": "MIT"
    },
    "node_modules/console-control-strings": {
      "version": "1.1.0",
      "resolved": "https://registry.npmjs.org/console-control-strings/-/console-control-strings-1.1.0.tgz",
      "integrity": "sha512-ty/fTekppD2fIwRvnZAVdeOiGd1c7YXEixbgJTNzqcxJWKQnjJ/V1bNEEE6hygpM3WjwHFUVK6HTjWSzV4a8sQ==",
      "license": "ISC",
      "optional": true
    },
    "node_modules/content-disposition": {
      "version": "0.5.4",
      "resolved": "https://registry.npmjs.org/content-disposition/-/content-disposition-0.5.4.tgz",
      "integrity": "sha512-FveZTNuGw04cxlAiWbzi6zTAL/lhehaWbTtgluJh4/E95DqMwTmha3KZN1aAWA8cFIhHzMZUvLevkw5Rqk+tSQ==",
      "license": "MIT",
      "dependencies": {
        "safe-buffer": "5.2.1"
      },
      "engines": {
        "node": ">= 0.6"
      }
    },
    "node_modules/content-type": {
      "version": "1.0.5",
      "resolved": "https://registry.npmjs.org/content-type/-/content-type-1.0.5.tgz",
      "integrity": "sha512-nTjqfcBFEipKdXCv4YDQWCfmcLZKm81ldF0pAopTvyrFGVbcR6P/VAAd5G7N+0tTr8QqiU0tFadD6FK4NtJwOA==",
      "license": "MIT",
      "engines": {
        "node": ">= 0.6"
      }
    },
    "node_modules/cookie": {
      "version": "0.7.1",
      "resolved": "https://registry.npmjs.org/cookie/-/cookie-0.7.1.tgz",
      "integrity": "sha512-6DnInpx7SJ2AK3+CTUE/ZM0vWTUboZCegxhC2xiIydHR9jNuTAASBrfEpHhiGOZw/nX51bHt6YQl8jsGo4y/0w==",
      "license": "MIT",
      "engines": {
        "node": ">= 0.6"
      }
    },
    "node_modules/cookie-signature": {
      "version": "1.0.6",
      "resolved": "https://registry.npmjs.org/cookie-signature/-/cookie-signature-1.0.6.tgz",
      "integrity": "sha512-QADzlaHc8icV8I7vbaJXJwod9HWYp8uCqf1xa4OfNu1T7JVxQIrUgOWtHdNDtPiywmFbiS12VjotIXLrKM3orQ==",
      "license": "MIT"
    },
    "node_modules/debug": {
      "version": "2.6.9",
      "resolved": "https://registry.npmjs.org/debug/-/debug-2.6.9.tgz",
      "integrity": "sha512-bC7ElrdJaJnPbAP+1EotYvqZsb3ecl5wi6Bfi6BJTUcNowp6cvspg0jXznRTKDjm/E7AdgFBVeAPVMNcKGsHMA==",
      "license": "MIT",
      "dependencies": {
        "ms": "2.0.0"
      }
    },
    "node_modules/decompress-response": {
      "version": "6.0.0",
      "resolved": "https://registry.npmjs.org/decompress-response/-/decompress-response-6.0.0.tgz",
      "integrity": "sha512-aW35yZM6Bb/4oJlZncMH2LCoZtJXTRxES17vE3hoRiowU2kWHaJKFkSBDnDR+cm9J+9QhXmREyIfv0pji9ejCQ==",
      "license": "MIT",
      "dependencies": {
        "mimic-response": "^3.1.0"
      },
      "engines": {
        "node": ">=10"
      },
      "funding": {
        "url": "https://github.com/sponsors/sindresorhus"
      }
    },
    "node_modules/deep-extend": {
      "version": "0.6.0",
      "resolved": "https://registry.npmjs.org/deep-extend/-/deep-extend-0.6.0.tgz",
      "integrity": "sha512-LOHxIOaPYdHlJRtCQfDIVZtfw/ufM8+rVj649RIHzcm/vGwQRXFt6OPqIFWsm2XEMrNIEtWR64sY1LEKD2vAOA==",
      "license": "MIT",
      "engines": {
        "node": ">=4.0.0"
      }
    },
    "node_modules/delegates": {
      "version": "1.0.0",
      "resolved": "https://registry.npmjs.org/delegates/-/delegates-1.0.0.tgz",
      "integrity": "sha512-bd2L678uiWATM6m5Z1VzNCErI3jiGzt6HGY8OVICs40JQq/HALfbyNJmp0UDakEY4pMMaN0Ly5om/B1VI/+xfQ==",
      "license": "MIT",
      "optional": true
    },
    "node_modules/depd": {
      "version": "2.0.0",
      "resolved": "https://registry.npmjs.org/depd/-/depd-2.0.0.tgz",
      "integrity": "sha512-g7nH6P6dyDioJogAAGprGpCtVImJhpPk/roCzdb3fIh61/s/nPsfR6onyMwkCAR/OlC3yBC0lESvUoQEAssIrw==",
      "license": "MIT",
      "engines": {
        "node": ">= 0.8"
      }
    },
    "node_modules/destroy": {
      "version": "1.2.0",
      "resolved": "https://registry.npmjs.org/destroy/-/destroy-1.2.0.tgz",
      "integrity": "sha512-2sJGJTaXIIaR1w4iJSNoN0hnMY7Gpc/n8D4qSCJw8QqFWXf7cuAgnEHxBpweaVcPevC2l3KpjYCx3NypQQgaJg==",
      "license": "MIT",
      "engines": {
        "node": ">= 0.8",
        "npm": "1.2.8000 || >= 1.4.16"
      }
    },
    "node_modules/detect-libc": {
      "version": "2.0.3",
      "resolved": "https://registry.npmjs.org/detect-libc/-/detect-libc-2.0.3.tgz",
      "integrity": "sha512-bwy0MGW55bG41VqxxypOsdSdGqLwXPI/focwgTYCFMbdUiBAxLg9CFzG08sz2aqzknwiX7Hkl0bQENjg8iLByw==",
      "license": "Apache-2.0",
      "engines": {
        "node": ">=8"
      }
    },
    "node_modules/dunder-proto": {
      "version": "1.0.1",
      "resolved": "https://registry.npmjs.org/dunder-proto/-/dunder-proto-1.0.1.tgz",
      "integrity": "sha512-KIN/nDJBQRcXw0MLVhZE9iQHmG68qAVIBg9CqmUYjmQIhgij9U5MFvrqkUL5FbtyyzZuOeOt0zdeRe4UY7ct+A==",
      "license": "MIT",
      "dependencies": {
        "call-bind-apply-helpers": "^1.0.1",
        "es-errors": "^1.3.0",
        "gopd": "^1.2.0"
      },
      "engines": {
        "node": ">= 0.4"
      }
    },
    "node_modules/ee-first": {
      "version": "1.1.1",
      "resolved": "https://registry.npmjs.org/ee-first/-/ee-first-1.1.1.tgz",
      "integrity": "sha512-WMwm9LhRUo+WUaRN+vRuETqG89IgZphVSNkdFgeb6sS/E4OrDIN7t48CAewSHXc6C8lefD8KKfr5vY61brQlow==",
      "license": "MIT"
    },
    "node_modules/ejs": {
      "version": "3.1.10",
      "resolved": "https://registry.npmjs.org/ejs/-/ejs-3.1.10.tgz",
      "integrity": "sha512-UeJmFfOrAQS8OJWPZ4qtgHyWExa088/MtK5UEyoJGFH67cDEXkZSviOiKRCZ4Xij0zxI3JECgYs3oKx+AizQBA==",
      "license": "Apache-2.0",
      "dependencies": {
        "jake": "^10.8.5"
      },
      "bin": {
        "ejs": "bin/cli.js"
      },
      "engines": {
        "node": ">=0.10.0"
      }
    },
    "node_modules/emoji-regex": {
      "version": "8.0.0",
      "resolved": "https://registry.npmjs.org/emoji-regex/-/emoji-regex-8.0.0.tgz",
      "integrity": "sha512-MSjYzcWNOA0ewAHpz0MxpYFvwg6yjy1NG3xteoqz644VCo/RPgnr1/GGt+ic3iJTzQ8Eu3TdM14SawnVUmGE6A==",
      "license": "MIT",
      "optional": true
    },
    "node_modules/encodeurl": {
      "version": "2.0.0",
      "resolved": "https://registry.npmjs.org/encodeurl/-/encodeurl-2.0.0.tgz",
      "integrity": "sha512-Q0n9HRi4m6JuGIV1eFlmvJB7ZEVxu93IrMyiMsGC0lrMJMWzRgx6WGquyfQgZVb31vhGgXnfmPNNXmxnOkRBrg==",
      "license": "MIT",
      "engines": {
        "node": ">= 0.8"
      }
    },
    "node_modules/encoding": {
      "version": "0.1.13",
      "resolved": "https://registry.npmjs.org/encoding/-/encoding-0.1.13.tgz",
      "integrity": "sha512-ETBauow1T35Y/WZMkio9jiM0Z5xjHHmJ4XmjZOq1l/dXz3lr2sRn87nJy20RupqSh1F2m3HHPSp8ShIPQJrJ3A==",
      "license": "MIT",
      "optional": true,
      "dependencies": {
        "iconv-lite": "^0.6.2"
      }
    },
    "node_modules/encoding/node_modules/iconv-lite": {
      "version": "0.6.3",
      "resolved": "https://registry.npmjs.org/iconv-lite/-/iconv-lite-0.6.3.tgz",
      "integrity": "sha512-4fCk79wshMdzMp2rH06qWrJE4iolqLhCUH+OiuIgU++RB0+94NlDL81atO7GX55uUKueo0txHNtvEyI6D7WdMw==",
      "license": "MIT",
      "optional": true,
      "dependencies": {
        "safer-buffer": ">= 2.1.2 < 3.0.0"
      },
      "engines": {
        "node": ">=0.10.0"
      }
    },
    "node_modules/end-of-stream": {
      "version": "1.4.4",
      "resolved": "https://registry.npmjs.org/end-of-stream/-/end-of-stream-1.4.4.tgz",
      "integrity": "sha512-+uw1inIHVPQoaVuHzRyXd21icM+cnt4CzD5rW+NC1wjOUSTOs+Te7FOv7AhN7vS9x/oIyhLP5PR1H+phQAHu5Q==",
      "license": "MIT",
      "dependencies": {
        "once": "^1.4.0"
      }
    },
    "node_modules/env-paths": {
      "version": "2.2.1",
      "resolved": "https://registry.npmjs.org/env-paths/-/env-paths-2.2.1.tgz",
      "integrity": "sha512-+h1lkLKhZMTYjog1VEpJNG7NZJWcuc2DDk/qsqSTRRCOXiLjeQ1d1/udrUGhqMxUgAlwKNZ0cf2uqan5GLuS2A==",
      "license": "MIT",
      "optional": true,
      "engines": {
        "node": ">=6"
      }
    },
    "node_modules/err-code": {
      "version": "2.0.3",
      "resolved": "https://registry.npmjs.org/err-code/-/err-code-2.0.3.tgz",
      "integrity": "sha512-2bmlRpNKBxT/CRmPOlyISQpNj+qSeYvcym/uT0Jx2bMOlKLtSy1ZmLuVxSEKKyor/N5yhvp/ZiG1oE3DEYMSFA==",
      "license": "MIT",
      "optional": true
    },
    "node_modules/es-define-property": {
      "version": "1.0.1",
      "resolved": "https://registry.npmjs.org/es-define-property/-/es-define-property-1.0.1.tgz",
      "integrity": "sha512-e3nRfgfUZ4rNGL232gUgX06QNyyez04KdjFrF+LTRoOXmrOgFKDg4BCdsjW8EnT69eqdYGmRpJwiPVYNrCaW3g==",
      "license": "MIT",
      "engines": {
        "node": ">= 0.4"
      }
    },
    "node_modules/es-errors": {
      "version": "1.3.0",
      "resolved": "https://registry.npmjs.org/es-errors/-/es-errors-1.3.0.tgz",
      "integrity": "sha512-Zf5H2Kxt2xjTvbJvP2ZWLEICxA6j+hAmMzIlypy4xcBg1vKVnx89Wy0GbS+kf5cwCVFFzdCFh2XSCFNULS6csw==",
      "license": "MIT",
      "engines": {
        "node": ">= 0.4"
      }
    },
    "node_modules/es-object-atoms": {
      "version": "1.1.1",
      "resolved": "https://registry.npmjs.org/es-object-atoms/-/es-object-atoms-1.1.1.tgz",
      "integrity": "sha512-FGgH2h8zKNim9ljj7dankFPcICIK9Cp5bm+c2gQSYePhpaG5+esrLODihIorn+Pe6FGJzWhXQotPv73jTaldXA==",
      "license": "MIT",
      "dependencies": {
        "es-errors": "^1.3.0"
      },
      "engines": {
        "node": ">= 0.4"
      }
    },
    "node_modules/escape-html": {
      "version": "1.0.3",
      "resolved": "https://registry.npmjs.org/escape-html/-/escape-html-1.0.3.tgz",
      "integrity": "sha512-NiSupZ4OeuGwr68lGIeym/ksIZMJodUGOSCZ/FSnTxcrekbvqrgdUxlJOMpijaKZVjAJrWrGs/6Jy8OMuyj9ow==",
      "license": "MIT"
    },
    "node_modules/etag": {
      "version": "1.8.1",
      "resolved": "https://registry.npmjs.org/etag/-/etag-1.8.1.tgz",
      "integrity": "sha512-aIL5Fx7mawVa300al2BnEE4iNvo1qETxLrPI/o05L7z6go7fCw1J6EQmbK4FmJ2AS7kgVF/KEZWufBfdClMcPg==",
      "license": "MIT",
      "engines": {
        "node": ">= 0.6"
      }
    },
    "node_modules/expand-template": {
      "version": "2.0.3",
      "resolved": "https://registry.npmjs.org/expand-template/-/expand-template-2.0.3.tgz",
      "integrity": "sha512-XYfuKMvj4O35f/pOXLObndIRvyQ+/+6AhODh+OKWj9S9498pHHn/IMszH+gt0fBCRWMNfk1ZSp5x3AifmnI2vg==",
      "license": "(MIT OR WTFPL)",
      "engines": {
        "node": ">=6"
      }
    },
    "node_modules/express": {
      "version": "4.21.2",
      "resolved": "https://registry.npmjs.org/express/-/express-4.21.2.tgz",
      "integrity": "sha512-28HqgMZAmih1Czt9ny7qr6ek2qddF4FclbMzwhCREB6OFfH+rXAnuNCwo1/wFvrtbgsQDb4kSbX9de9lFbrXnA==",
      "license": "MIT",
      "dependencies": {
        "accepts": "~1.3.8",
        "array-flatten": "1.1.1",
        "body-parser": "1.20.3",
        "content-disposition": "0.5.4",
        "content-type": "~1.0.4",
        "cookie": "0.7.1",
        "cookie-signature": "1.0.6",
        "debug": "2.6.9",
        "depd": "2.0.0",
        "encodeurl": "~2.0.0",
        "escape-html": "~1.0.3",
        "etag": "~1.8.1",
        "finalhandler": "1.3.1",
        "fresh": "0.5.2",
        "http-errors": "2.0.0",
        "merge-descriptors": "1.0.3",
        "methods": "~1.1.2",
        "on-finished": "2.4.1",
        "parseurl": "~1.3.3",
        "path-to-regexp": "0.1.12",
        "proxy-addr": "~2.0.7",
        "qs": "6.13.0",
        "range-parser": "~1.2.1",
        "safe-buffer": "5.2.1",
        "send": "0.19.0",
        "serve-static": "1.16.2",
        "setprototypeof": "1.2.0",
        "statuses": "2.0.1",
        "type-is": "~1.6.18",
        "utils-merge": "1.0.1",
        "vary": "~1.1.2"
      },
      "engines": {
        "node": ">= 0.10.0"
      },
      "funding": {
        "type": "opencollective",
        "url": "https://opencollective.com/express"
      }
    },
    "node_modules/file-uri-to-path": {
      "version": "1.0.0",
      "resolved": "https://registry.npmjs.org/file-uri-to-path/-/file-uri-to-path-1.0.0.tgz",
      "integrity": "sha512-0Zt+s3L7Vf1biwWZ29aARiVYLx7iMGnEUl9x33fbB/j3jR81u/O2LbqK+Bm1CDSNDKVtJ/YjwY7TUd5SkeLQLw==",
      "license": "MIT"
    },
    "node_modules/filelist": {
      "version": "1.0.4",
      "resolved": "https://registry.npmjs.org/filelist/-/filelist-1.0.4.tgz",
      "integrity": "sha512-w1cEuf3S+DrLCQL7ET6kz+gmlJdbq9J7yXCSjK/OZCPA+qEN1WyF4ZAf0YYJa4/shHJra2t/d/r8SV4Ji+x+8Q==",
      "license": "Apache-2.0",
      "dependencies": {
        "minimatch": "^5.0.1"
      }
    },
    "node_modules/filelist/node_modules/brace-expansion": {
      "version": "2.0.1",
      "resolved": "https://registry.npmjs.org/brace-expansion/-/brace-expansion-2.0.1.tgz",
      "integrity": "sha512-XnAIvQ8eM+kC6aULx6wuQiwVsnzsi9d3WxzV3FpWTGA19F621kwdbsAcFKXgKUHZWsy+mY6iL1sHTxWEFCytDA==",
      "license": "MIT",
      "dependencies": {
        "balanced-match": "^1.0.0"
      }
    },
    "node_modules/filelist/node_modules/minimatch": {
      "version": "5.1.6",
      "resolved": "https://registry.npmjs.org/minimatch/-/minimatch-5.1.6.tgz",
      "integrity": "sha512-lKwV/1brpG6mBUFHtb7NUmtABCb2WZZmm2wNiOA5hAb8VdCS4B3dtMWyvcoViccwAW/COERjXLt0zP1zXUN26g==",
      "license": "ISC",
      "dependencies": {
        "brace-expansion": "^2.0.1"
      },
      "engines": {
        "node": ">=10"
      }
    },
    "node_modules/finalhandler": {
      "version": "1.3.1",
      "resolved": "https://registry.npmjs.org/finalhandler/-/finalhandler-1.3.1.tgz",
      "integrity": "sha512-6BN9trH7bp3qvnrRyzsBz+g3lZxTNZTbVO2EV1CS0WIcDbawYVdYvGflME/9QP0h0pYlCDBCTjYa9nZzMDpyxQ==",
      "license": "MIT",
      "dependencies": {
        "debug": "2.6.9",
        "encodeurl": "~2.0.0",
        "escape-html": "~1.0.3",
        "on-finished": "2.4.1",
        "parseurl": "~1.3.3",
        "statuses": "2.0.1",
        "unpipe": "~1.0.0"
      },
      "engines": {
        "node": ">= 0.8"
      }
    },
    "node_modules/forwarded": {
      "version": "0.2.0",
      "resolved": "https://registry.npmjs.org/forwarded/-/forwarded-0.2.0.tgz",
      "integrity": "sha512-buRG0fpBtRHSTCOASe6hD258tEubFoRLb4ZNA6NxMVHNw2gOcwHo9wyablzMzOA5z9xA9L1KNjk/Nt6MT9aYow==",
      "license": "MIT",
      "engines": {
        "node": ">= 0.6"
      }
    },
    "node_modules/fresh": {
      "version": "0.5.2",
      "resolved": "https://registry.npmjs.org/fresh/-/fresh-0.5.2.tgz",
      "integrity": "sha512-zJ2mQYM18rEFOudeV4GShTGIQ7RbzA7ozbU9I/XBpm7kqgMywgmylMwXHxZJmkVoYkna9d2pVXVXPdYTP9ej8Q==",
      "license": "MIT",
      "engines": {
        "node": ">= 0.6"
      }
    },
    "node_modules/fs-constants": {
      "version": "1.0.0",
      "resolved": "https://registry.npmjs.org/fs-constants/-/fs-constants-1.0.0.tgz",
      "integrity": "sha512-y6OAwoSIf7FyjMIv94u+b5rdheZEjzR63GTyZJm5qh4Bi+2YgwLCcI/fPFZkL5PSixOt6ZNKm+w+Hfp/Bciwow==",
      "license": "MIT"
    },
    "node_modules/fs-minipass": {
      "version": "2.1.0",
      "resolved": "https://registry.npmjs.org/fs-minipass/-/fs-minipass-2.1.0.tgz",
      "integrity": "sha512-V/JgOLFCS+R6Vcq0slCuaeWEdNC3ouDlJMNIsacH2VtALiu9mV4LPrHc5cDl8k5aw6J8jwgWWpiTo5RYhmIzvg==",
      "license": "ISC",
      "dependencies": {
        "minipass": "^3.0.0"
      },
      "engines": {
        "node": ">= 8"
      }
    },
    "node_modules/fs.realpath": {
      "version": "1.0.0",
      "resolved": "https://registry.npmjs.org/fs.realpath/-/fs.realpath-1.0.0.tgz",
      "integrity": "sha512-OO0pH2lK6a0hZnAdau5ItzHPI6pUlvI7jMVnxUQRtw4owF2wk8lOSabtGDCTP4Ggrg2MbGnWO9X8K1t4+fGMDw==",
      "license": "ISC",
      "optional": true
    },
    "node_modules/function-bind": {
      "version": "1.1.2",
      "resolved": "https://registry.npmjs.org/function-bind/-/function-bind-1.1.2.tgz",
      "integrity": "sha512-7XHNxH7qX9xG5mIwxkhumTox/MIRNcOgDrxWsMt2pAr23WHp6MrRlN7FBSFpCpr+oVO0F744iUgR82nJMfG2SA==",
      "license": "MIT",
      "funding": {
        "url": "https://github.com/sponsors/ljharb"
      }
    },
    "node_modules/gauge": {
      "version": "4.0.4",
      "resolved": "https://registry.npmjs.org/gauge/-/gauge-4.0.4.tgz",
      "integrity": "sha512-f9m+BEN5jkg6a0fZjleidjN51VE1X+mPFQ2DJ0uv1V39oCLCbsGe6yjbBnp7eK7z/+GAon99a3nHuqbuuthyPg==",
      "deprecated": "This package is no longer supported.",
      "license": "ISC",
      "optional": true,
      "dependencies": {
        "aproba": "^1.0.3 || ^2.0.0",
        "color-support": "^1.1.3",
        "console-control-strings": "^1.1.0",
        "has-unicode": "^2.0.1",
        "signal-exit": "^3.0.7",
        "string-width": "^4.2.3",
        "strip-ansi": "^6.0.1",
        "wide-align": "^1.1.5"
      },
      "engines": {
        "node": "^12.13.0 || ^14.15.0 || >=16.0.0"
      }
    },
    "node_modules/get-intrinsic": {
      "version": "1.2.7",
      "resolved": "https://registry.npmjs.org/get-intrinsic/-/get-intrinsic-1.2.7.tgz",
      "integrity": "sha512-VW6Pxhsrk0KAOqs3WEd0klDiF/+V7gQOpAvY1jVU/LHmaD/kQO4523aiJuikX/QAKYiW6x8Jh+RJej1almdtCA==",
      "license": "MIT",
      "dependencies": {
        "call-bind-apply-helpers": "^1.0.1",
        "es-define-property": "^1.0.1",
        "es-errors": "^1.3.0",
        "es-object-atoms": "^1.0.0",
        "function-bind": "^1.1.2",
        "get-proto": "^1.0.0",
        "gopd": "^1.2.0",
        "has-symbols": "^1.1.0",
        "hasown": "^2.0.2",
        "math-intrinsics": "^1.1.0"
      },
      "engines": {
        "node": ">= 0.4"
      },
      "funding": {
        "url": "https://github.com/sponsors/ljharb"
      }
    },
    "node_modules/get-proto": {
      "version": "1.0.1",
      "resolved": "https://registry.npmjs.org/get-proto/-/get-proto-1.0.1.tgz",
      "integrity": "sha512-sTSfBjoXBp89JvIKIefqw7U2CCebsc74kiY6awiGogKtoSGbgjYE/G/+l9sF3MWFPNc9IcoOC4ODfKHfxFmp0g==",
      "license": "MIT",
      "dependencies": {
        "dunder-proto": "^1.0.1",
        "es-object-atoms": "^1.0.0"
      },
      "engines": {
        "node": ">= 0.4"
      }
    },
    "node_modules/github-from-package": {
      "version": "0.0.0",
      "resolved": "https://registry.npmjs.org/github-from-package/-/github-from-package-0.0.0.tgz",
      "integrity": "sha512-SyHy3T1v2NUXn29OsWdxmK6RwHD+vkj3v8en8AOBZ1wBQ/hCAQ5bAQTD02kW4W9tUp/3Qh6J8r9EvntiyCmOOw==",
      "license": "MIT"
    },
    "node_modules/glob": {
      "version": "7.2.3",
      "resolved": "https://registry.npmjs.org/glob/-/glob-7.2.3.tgz",
      "integrity": "sha512-nFR0zLpU2YCaRxwoCJvL6UvCH2JFyFVIvwTLsIf21AuHlMskA1hhTdk+LlYJtOlYt9v6dvszD2BGRqBL+iQK9Q==",
      "deprecated": "Glob versions prior to v9 are no longer supported",
      "license": "ISC",
      "optional": true,
      "dependencies": {
        "fs.realpath": "^1.0.0",
        "inflight": "^1.0.4",
        "inherits": "2",
        "minimatch": "^3.1.1",
        "once": "^1.3.0",
        "path-is-absolute": "^1.0.0"
      },
      "engines": {
        "node": "*"
      },
      "funding": {
        "url": "https://github.com/sponsors/isaacs"
      }
    },
    "node_modules/gopd": {
      "version": "1.2.0",
      "resolved": "https://registry.npmjs.org/gopd/-/gopd-1.2.0.tgz",
      "integrity": "sha512-ZUKRh6/kUFoAiTAtTYPZJ3hw9wNxx+BIBOijnlG9PnrJsCcSjs1wyyD6vJpaYtgnzDrKYRSqf3OO6Rfa93xsRg==",
      "license": "MIT",
      "engines": {
        "node": ">= 0.4"
      },
      "funding": {
        "url": "https://github.com/sponsors/ljharb"
      }
    },
    "node_modules/graceful-fs": {
      "version": "4.2.11",
      "resolved": "https://registry.npmjs.org/graceful-fs/-/graceful-fs-4.2.11.tgz",
      "integrity": "sha512-RbJ5/jmFcNNCcDV5o9eTnBLJ/HszWV0P73bc+Ff4nS/rJj+YaS6IGyiOL0VoBYX+l1Wrl3k63h/KrH+nhJ0XvQ==",
      "license": "ISC",
      "optional": true
    },
    "node_modules/has-flag": {
      "version": "4.0.0",
      "resolved": "https://registry.npmjs.org/has-flag/-/has-flag-4.0.0.tgz",
      "integrity": "sha512-EykJT/Q1KjTWctppgIAgfSO0tKVuZUjhgMr17kqTumMl6Afv3EISleU7qZUzoXDFTAHTDC4NOoG/ZxU3EvlMPQ==",
      "license": "MIT",
      "engines": {
        "node": ">=8"
      }
    },
    "node_modules/has-symbols": {
      "version": "1.1.0",
      "resolved": "https://registry.npmjs.org/has-symbols/-/has-symbols-1.1.0.tgz",
      "integrity": "sha512-1cDNdwJ2Jaohmb3sg4OmKaMBwuC48sYni5HUw2DvsC8LjGTLK9h+eb1X6RyuOHe4hT0ULCW68iomhjUoKUqlPQ==",
      "license": "MIT",
      "engines": {
        "node": ">= 0.4"
      },
      "funding": {
        "url": "https://github.com/sponsors/ljharb"
      }
    },
    "node_modules/has-unicode": {
      "version": "2.0.1",
      "resolved": "https://registry.npmjs.org/has-unicode/-/has-unicode-2.0.1.tgz",
      "integrity": "sha512-8Rf9Y83NBReMnx0gFzA8JImQACstCYWUplepDa9xprwwtmgEZUF0h/i5xSA625zB/I37EtrswSST6OXxwaaIJQ==",
      "license": "ISC",
      "optional": true
    },
    "node_modules/hasown": {
      "version": "2.0.2",
      "resolved": "https://registry.npmjs.org/hasown/-/hasown-2.0.2.tgz",
      "integrity": "sha512-0hJU9SCPvmMzIBdZFqNPXWa6dqh7WdH0cII9y+CyS8rG3nL48Bclra9HmKhVVUHyPWNH5Y7xDwAB7bfgSjkUMQ==",
      "license": "MIT",
      "dependencies": {
        "function-bind": "^1.1.2"
      },
      "engines": {
        "node": ">= 0.4"
      }
    },
    "node_modules/http-cache-semantics": {
      "version": "4.1.1",
      "resolved": "https://registry.npmjs.org/http-cache-semantics/-/http-cache-semantics-4.1.1.tgz",
      "integrity": "sha512-er295DKPVsV82j5kw1Gjt+ADA/XYHsajl82cGNQG2eyoPkvgUhX+nDIyelzhIWbbsXP39EHcI6l5tYs2FYqYXQ==",
      "license": "BSD-2-Clause",
      "optional": true
    },
    "node_modules/http-errors": {
      "version": "2.0.0",
      "resolved": "https://registry.npmjs.org/http-errors/-/http-errors-2.0.0.tgz",
      "integrity": "sha512-FtwrG/euBzaEjYeRqOgly7G0qviiXoJWnvEH2Z1plBdXgbyjv34pHTSb9zoeHMyDy33+DWy5Wt9Wo+TURtOYSQ==",
      "license": "MIT",
      "dependencies": {
        "depd": "2.0.0",
        "inherits": "2.0.4",
        "setprototypeof": "1.2.0",
        "statuses": "2.0.1",
        "toidentifier": "1.0.1"
      },
      "engines": {
        "node": ">= 0.8"
      }
    },
    "node_modules/http-proxy-agent": {
      "version": "4.0.1",
      "resolved": "https://registry.npmjs.org/http-proxy-agent/-/http-proxy-agent-4.0.1.tgz",
      "integrity": "sha512-k0zdNgqWTGA6aeIRVpvfVob4fL52dTfaehylg0Y4UvSySvOq/Y+BOyPrgpUrA7HylqvU8vIZGsRuXmspskV0Tg==",
      "license": "MIT",
      "optional": true,
      "dependencies": {
        "@tootallnate/once": "1",
        "agent-base": "6",
        "debug": "4"
      },
      "engines": {
        "node": ">= 6"
      }
    },
    "node_modules/http-proxy-agent/node_modules/debug": {
      "version": "4.4.0",
      "resolved": "https://registry.npmjs.org/debug/-/debug-4.4.0.tgz",
      "integrity": "sha512-6WTZ/IxCY/T6BALoZHaE4ctp9xm+Z5kY/pzYaCHRFeyVhojxlrm+46y68HA6hr0TcwEssoxNiDEUJQjfPZ/RYA==",
      "license": "MIT",
      "optional": true,
      "dependencies": {
        "ms": "^2.1.3"
      },
      "engines": {
        "node": ">=6.0"
      },
      "peerDependenciesMeta": {
        "supports-color": {
          "optional": true
        }
      }
    },
    "node_modules/http-proxy-agent/node_modules/ms": {
      "version": "2.1.3",
      "resolved": "https://registry.npmjs.org/ms/-/ms-2.1.3.tgz",
      "integrity": "sha512-6FlzubTLZG3J2a/NVCAleEhjzq5oxgHyaCU9yYXvcLsvoVaHJq/s5xXI6/XXP6tz7R9xAOtHnSO/tXtF3WRTlA==",
      "license": "MIT",
      "optional": true
    },
    "node_modules/https-proxy-agent": {
      "version": "5.0.1",
      "resolved": "https://registry.npmjs.org/https-proxy-agent/-/https-proxy-agent-5.0.1.tgz",
      "integrity": "sha512-dFcAjpTQFgoLMzC2VwU+C/CbS7uRL0lWmxDITmqm7C+7F0Odmj6s9l6alZc6AELXhrnggM2CeWSXHGOdX2YtwA==",
      "license": "MIT",
      "optional": true,
      "dependencies": {
        "agent-base": "6",
        "debug": "4"
      },
      "engines": {
        "node": ">= 6"
      }
    },
    "node_modules/https-proxy-agent/node_modules/debug": {
      "version": "4.4.0",
      "resolved": "https://registry.npmjs.org/debug/-/debug-4.4.0.tgz",
      "integrity": "sha512-6WTZ/IxCY/T6BALoZHaE4ctp9xm+Z5kY/pzYaCHRFeyVhojxlrm+46y68HA6hr0TcwEssoxNiDEUJQjfPZ/RYA==",
      "license": "MIT",
      "optional": true,
      "dependencies": {
        "ms": "^2.1.3"
      },
      "engines": {
        "node": ">=6.0"
      },
      "peerDependenciesMeta": {
        "supports-color": {
          "optional": true
        }
      }
    },
    "node_modules/https-proxy-agent/node_modules/ms": {
      "version": "2.1.3",
      "resolved": "https://registry.npmjs.org/ms/-/ms-2.1.3.tgz",
      "integrity": "sha512-6FlzubTLZG3J2a/NVCAleEhjzq5oxgHyaCU9yYXvcLsvoVaHJq/s5xXI6/XXP6tz7R9xAOtHnSO/tXtF3WRTlA==",
      "license": "MIT",
      "optional": true
    },
    "node_modules/humanize-ms": {
      "version": "1.2.1",
      "resolved": "https://registry.npmjs.org/humanize-ms/-/humanize-ms-1.2.1.tgz",
      "integrity": "sha512-Fl70vYtsAFb/C06PTS9dZBo7ihau+Tu/DNCk/OyHhea07S+aeMWpFFkUaXRa8fI+ScZbEI8dfSxwY7gxZ9SAVQ==",
      "license": "MIT",
      "optional": true,
      "dependencies": {
        "ms": "^2.0.0"
      }
    },
    "node_modules/iconv-lite": {
      "version": "0.4.24",
      "resolved": "https://registry.npmjs.org/iconv-lite/-/iconv-lite-0.4.24.tgz",
      "integrity": "sha512-v3MXnZAcvnywkTUEZomIActle7RXXeedOR31wwl7VlyoXO4Qi9arvSenNQWne1TcRwhCL1HwLI21bEqdpj8/rA==",
      "license": "MIT",
      "dependencies": {
        "safer-buffer": ">= 2.1.2 < 3"
      },
      "engines": {
        "node": ">=0.10.0"
      }
    },
    "node_modules/ieee754": {
      "version": "1.2.1",
      "resolved": "https://registry.npmjs.org/ieee754/-/ieee754-1.2.1.tgz",
      "integrity": "sha512-dcyqhDvX1C46lXZcVqCpK+FtMRQVdIMN6/Df5js2zouUsqG7I6sFxitIC+7KYK29KdXOLHdu9zL4sFnoVQnqaA==",
      "funding": [
        {
          "type": "github",
          "url": "https://github.com/sponsors/feross"
        },
        {
          "type": "patreon",
          "url": "https://www.patreon.com/feross"
        },
        {
          "type": "consulting",
          "url": "https://feross.org/support"
        }
      ],
      "license": "BSD-3-Clause"
    },
    "node_modules/imurmurhash": {
      "version": "0.1.4",
      "resolved": "https://registry.npmjs.org/imurmurhash/-/imurmurhash-0.1.4.tgz",
      "integrity": "sha512-JmXMZ6wuvDmLiHEml9ykzqO6lwFbof0GG4IkcGaENdCRDDmMVnny7s5HsIgHCbaq0w2MyPhDqkhTUgS2LU2PHA==",
      "license": "MIT",
      "optional": true,
      "engines": {
        "node": ">=0.8.19"
      }
    },
    "node_modules/indent-string": {
      "version": "4.0.0",
      "resolved": "https://registry.npmjs.org/indent-string/-/indent-string-4.0.0.tgz",
      "integrity": "sha512-EdDDZu4A2OyIK7Lr/2zG+w5jmbuk1DVBnEwREQvBzspBJkCEbRa8GxU1lghYcaGJCnRWibjDXlq779X1/y5xwg==",
      "license": "MIT",
      "optional": true,
      "engines": {
        "node": ">=8"
      }
    },
    "node_modules/infer-owner": {
      "version": "1.0.4",
      "resolved": "https://registry.npmjs.org/infer-owner/-/infer-owner-1.0.4.tgz",
      "integrity": "sha512-IClj+Xz94+d7irH5qRyfJonOdfTzuDaifE6ZPWfx0N0+/ATZCbuTPq2prFl526urkQd90WyUKIh1DfBQ2hMz9A==",
      "license": "ISC",
      "optional": true
    },
    "node_modules/inflight": {
      "version": "1.0.6",
      "resolved": "https://registry.npmjs.org/inflight/-/inflight-1.0.6.tgz",
      "integrity": "sha512-k92I/b08q4wvFscXCLvqfsHCrjrF7yiXsQuIVvVE7N82W3+aqpzuUdBbfhWcy/FZR3/4IgflMgKLOsvPDrGCJA==",
      "deprecated": "This module is not supported, and leaks memory. Do not use it. Check out lru-cache if you want a good and tested way to coalesce async requests by a key value, which is much more comprehensive and powerful.",
      "license": "ISC",
      "optional": true,
      "dependencies": {
        "once": "^1.3.0",
        "wrappy": "1"
      }
    },
    "node_modules/inherits": {
      "version": "2.0.4",
      "resolved": "https://registry.npmjs.org/inherits/-/inherits-2.0.4.tgz",
      "integrity": "sha512-k/vGaX4/Yla3WzyMCvTQOXYeIHvqOKtnqBduzTHpzpQZzAskKMhZ2K+EnBiSM9zGSoIFeMpXKxa4dYeZIQqewQ==",
      "license": "ISC"
    },
    "node_modules/ini": {
      "version": "1.3.8",
      "resolved": "https://registry.npmjs.org/ini/-/ini-1.3.8.tgz",
      "integrity": "sha512-JV/yugV2uzW5iMRSiZAyDtQd+nxtUnjeLt0acNdw98kKLrvuRVyB80tsREOE7yvGVgalhZ6RNXCmEHkUKBKxew==",
      "license": "ISC"
    },
    "node_modules/ip-address": {
      "version": "9.0.5",
      "resolved": "https://registry.npmjs.org/ip-address/-/ip-address-9.0.5.tgz",
      "integrity": "sha512-zHtQzGojZXTwZTHQqra+ETKd4Sn3vgi7uBmlPoXVWZqYvuKmtI0l/VZTjqGmJY9x88GGOaZ9+G9ES8hC4T4X8g==",
      "license": "MIT",
      "optional": true,
      "dependencies": {
        "jsbn": "1.1.0",
        "sprintf-js": "^1.1.3"
      },
      "engines": {
        "node": ">= 12"
      }
    },
    "node_modules/ipaddr.js": {
      "version": "1.9.1",
      "resolved": "https://registry.npmjs.org/ipaddr.js/-/ipaddr.js-1.9.1.tgz",
      "integrity": "sha512-0KI/607xoxSToH7GjN1FfSbLoU0+btTicjsQSWQlh/hZykN8KpmMf7uYwPW3R+akZ6R/w18ZlXSHBYXiYUPO3g==",
      "license": "MIT",
      "engines": {
        "node": ">= 0.10"
      }
    },
    "node_modules/is-fullwidth-code-point": {
      "version": "3.0.0",
      "resolved": "https://registry.npmjs.org/is-fullwidth-code-point/-/is-fullwidth-code-point-3.0.0.tgz",
      "integrity": "sha512-zymm5+u+sCsSWyD9qNaejV3DFvhCKclKdizYaJUuHA83RLjb7nSuGnddCHGv0hk+KY7BMAlsWeK4Ueg6EV6XQg==",
      "license": "MIT",
      "optional": true,
      "engines": {
        "node": ">=8"
      }
    },
    "node_modules/is-lambda": {
      "version": "1.0.1",
      "resolved": "https://registry.npmjs.org/is-lambda/-/is-lambda-1.0.1.tgz",
      "integrity": "sha512-z7CMFGNrENq5iFB9Bqo64Xk6Y9sg+epq1myIcdHaGnbMTYOxvzsEtdYqQUylB7LxfkvgrrjP32T6Ywciio9UIQ==",
      "license": "MIT",
      "optional": true
    },
    "node_modules/isexe": {
      "version": "2.0.0",
      "resolved": "https://registry.npmjs.org/isexe/-/isexe-2.0.0.tgz",
      "integrity": "sha512-RHxMLp9lnKHGHRng9QFhRCMbYAcVpn69smSGcq3f36xjgVVWThj4qqLbTLlq7Ssj8B+fIQ1EuCEGI2lKsyQeIw==",
      "license": "ISC",
      "optional": true
    },
    "node_modules/jake": {
      "version": "10.9.2",
      "resolved": "https://registry.npmjs.org/jake/-/jake-10.9.2.tgz",
      "integrity": "sha512-2P4SQ0HrLQ+fw6llpLnOaGAvN2Zu6778SJMrCUwns4fOoG9ayrTiZk3VV8sCPkVZF8ab0zksVpS8FDY5pRCNBA==",
      "license": "Apache-2.0",
      "dependencies": {
        "async": "^3.2.3",
        "chalk": "^4.0.2",
        "filelist": "^1.0.4",
        "minimatch": "^3.1.2"
      },
      "bin": {
        "jake": "bin/cli.js"
      },
      "engines": {
        "node": ">=10"
      }
    },
    "node_modules/jsbn": {
      "version": "1.1.0",
      "resolved": "https://registry.npmjs.org/jsbn/-/jsbn-1.1.0.tgz",
      "integrity": "sha512-4bYVV3aAMtDTTu4+xsDYa6sy9GyJ69/amsu9sYF2zqjiEoZA5xJi3BrfX3uY+/IekIu7MwdObdbDWpoZdBv3/A==",
      "license": "MIT",
      "optional": true
    },
    "node_modules/lru-cache": {
      "version": "6.0.0",
      "resolved": "https://registry.npmjs.org/lru-cache/-/lru-cache-6.0.0.tgz",
      "integrity": "sha512-Jo6dJ04CmSjuznwJSS3pUeWmd/H0ffTlkXXgwZi+eq1UCmqQwCh+eLsYOYCwY991i2Fah4h1BEMCx4qThGbsiA==",
      "license": "ISC",
      "optional": true,
      "dependencies": {
        "yallist": "^4.0.0"
      },
      "engines": {
        "node": ">=10"
      }
    },
    "node_modules/make-fetch-happen": {
      "version": "9.1.0",
      "resolved": "https://registry.npmjs.org/make-fetch-happen/-/make-fetch-happen-9.1.0.tgz",
      "integrity": "sha512-+zopwDy7DNknmwPQplem5lAZX/eCOzSvSNNcSKm5eVwTkOBzoktEfXsa9L23J/GIRhxRsaxzkPEhrJEpE2F4Gg==",
      "license": "ISC",
      "optional": true,
      "dependencies": {
        "agentkeepalive": "^4.1.3",
        "cacache": "^15.2.0",
        "http-cache-semantics": "^4.1.0",
        "http-proxy-agent": "^4.0.1",
        "https-proxy-agent": "^5.0.0",
        "is-lambda": "^1.0.1",
        "lru-cache": "^6.0.0",
        "minipass": "^3.1.3",
        "minipass-collect": "^1.0.2",
        "minipass-fetch": "^1.3.2",
        "minipass-flush": "^1.0.5",
        "minipass-pipeline": "^1.2.4",
        "negotiator": "^0.6.2",
        "promise-retry": "^2.0.1",
        "socks-proxy-agent": "^6.0.0",
        "ssri": "^8.0.0"
      },
      "engines": {
        "node": ">= 10"
      }
    },
    "node_modules/math-intrinsics": {
      "version": "1.1.0",
      "resolved": "https://registry.npmjs.org/math-intrinsics/-/math-intrinsics-1.1.0.tgz",
      "integrity": "sha512-/IXtbwEk5HTPyEwyKX6hGkYXxM9nbj64B+ilVJnC/R6B0pH5G4V3b0pVbL7DBj4tkhBAppbQUlf6F6Xl9LHu1g==",
      "license": "MIT",
      "engines": {
        "node": ">= 0.4"
      }
    },
    "node_modules/media-typer": {
      "version": "0.3.0",
      "resolved": "https://registry.npmjs.org/media-typer/-/media-typer-0.3.0.tgz",
      "integrity": "sha512-dq+qelQ9akHpcOl/gUVRTxVIOkAJ1wR3QAvb4RsVjS8oVoFjDGTc679wJYmUmknUF5HwMLOgb5O+a3KxfWapPQ==",
      "license": "MIT",
      "engines": {
        "node": ">= 0.6"
      }
    },
    "node_modules/merge-descriptors": {
      "version": "1.0.3",
      "resolved": "https://registry.npmjs.org/merge-descriptors/-/merge-descriptors-1.0.3.tgz",
      "integrity": "sha512-gaNvAS7TZ897/rVaZ0nMtAyxNyi/pdbjbAwUpFQpN70GqnVfOiXpeUUMKRBmzXaSQ8DdTX4/0ms62r2K+hE6mQ==",
      "license": "MIT",
      "funding": {
        "url": "https://github.com/sponsors/sindresorhus"
      }
    },
    "node_modules/methods": {
      "version": "1.1.2",
      "resolved": "https://registry.npmjs.org/methods/-/methods-1.1.2.tgz",
      "integrity": "sha512-iclAHeNqNm68zFtnZ0e+1L2yUIdvzNoauKU4WBA3VvH/vPFieF7qfRlwUZU+DA9P9bPXIS90ulxoUoCH23sV2w==",
      "license": "MIT",
      "engines": {
        "node": ">= 0.6"
      }
    },
    "node_modules/mime": {
      "version": "1.6.0",
      "resolved": "https://registry.npmjs.org/mime/-/mime-1.6.0.tgz",
      "integrity": "sha512-x0Vn8spI+wuJ1O6S7gnbaQg8Pxh4NNHb7KSINmEWKiPE4RKOplvijn+NkmYmmRgP68mc70j2EbeTFRsrswaQeg==",
      "license": "MIT",
      "bin": {
        "mime": "cli.js"
      },
      "engines": {
        "node": ">=4"
      }
    },
    "node_modules/mime-db": {
      "version": "1.52.0",
      "resolved": "https://registry.npmjs.org/mime-db/-/mime-db-1.52.0.tgz",
      "integrity": "sha512-sPU4uV7dYlvtWJxwwxHD0PuihVNiE7TyAbQ5SWxDCB9mUYvOgroQOwYQQOKPJ8CIbE+1ETVlOoK1UC2nU3gYvg==",
      "license": "MIT",
      "engines": {
        "node": ">= 0.6"
      }
    },
    "node_modules/mime-types": {
      "version": "2.1.35",
      "resolved": "https://registry.npmjs.org/mime-types/-/mime-types-2.1.35.tgz",
      "integrity": "sha512-ZDY+bPm5zTTF+YpCrAU9nK0UgICYPT0QtT1NZWFv4s++TNkcgVaT0g6+4R2uI4MjQjzysHB1zxuWL50hzaeXiw==",
      "license": "MIT",
      "dependencies": {
        "mime-db": "1.52.0"
      },
      "engines": {
        "node": ">= 0.6"
      }
    },
    "node_modules/mimic-response": {
      "version": "3.1.0",
      "resolved": "https://registry.npmjs.org/mimic-response/-/mimic-response-3.1.0.tgz",
      "integrity": "sha512-z0yWI+4FDrrweS8Zmt4Ej5HdJmky15+L2e6Wgn3+iK5fWzb6T3fhNFq2+MeTRb064c6Wr4N/wv0DzQTjNzHNGQ==",
      "license": "MIT",
      "engines": {
        "node": ">=10"
      },
      "funding": {
        "url": "https://github.com/sponsors/sindresorhus"
      }
    },
    "node_modules/minimatch": {
      "version": "3.1.2",
      "resolved": "https://registry.npmjs.org/minimatch/-/minimatch-3.1.2.tgz",
      "integrity": "sha512-J7p63hRiAjw1NDEww1W7i37+ByIrOWO5XQQAzZ3VOcL0PNybwpfmV/N05zFAzwQ9USyEcX6t3UO+K5aqBQOIHw==",
      "license": "ISC",
      "dependencies": {
        "brace-expansion": "^1.1.7"
      },
      "engines": {
        "node": "*"
      }
    },
    "node_modules/minimist": {
      "version": "1.2.8",
      "resolved": "https://registry.npmjs.org/minimist/-/minimist-1.2.8.tgz",
      "integrity": "sha512-2yyAR8qBkN3YuheJanUpWC5U3bb5osDywNB8RzDVlDwDHbocAJveqqj1u8+SVD7jkWT4yvsHCpWqqWqAxb0zCA==",
      "license": "MIT",
      "funding": {
        "url": "https://github.com/sponsors/ljharb"
      }
    },
    "node_modules/minipass": {
      "version": "3.3.6",
      "resolved": "https://registry.npmjs.org/minipass/-/minipass-3.3.6.tgz",
      "integrity": "sha512-DxiNidxSEK+tHG6zOIklvNOwm3hvCrbUrdtzY74U6HKTJxvIDfOUL5W5P2Ghd3DTkhhKPYGqeNUIh5qcM4YBfw==",
      "license": "ISC",
      "dependencies": {
        "yallist": "^4.0.0"
      },
      "engines": {
        "node": ">=8"
      }
    },
    "node_modules/minipass-collect": {
      "version": "1.0.2",
      "resolved": "https://registry.npmjs.org/minipass-collect/-/minipass-collect-1.0.2.tgz",
      "integrity": "sha512-6T6lH0H8OG9kITm/Jm6tdooIbogG9e0tLgpY6mphXSm/A9u8Nq1ryBG+Qspiub9LjWlBPsPS3tWQ/Botq4FdxA==",
      "license": "ISC",
      "optional": true,
      "dependencies": {
        "minipass": "^3.0.0"
      },
      "engines": {
        "node": ">= 8"
      }
    },
    "node_modules/minipass-fetch": {
      "version": "1.4.1",
      "resolved": "https://registry.npmjs.org/minipass-fetch/-/minipass-fetch-1.4.1.tgz",
      "integrity": "sha512-CGH1eblLq26Y15+Azk7ey4xh0J/XfJfrCox5LDJiKqI2Q2iwOLOKrlmIaODiSQS8d18jalF6y2K2ePUm0CmShw==",
      "license": "MIT",
      "optional": true,
      "dependencies": {
        "minipass": "^3.1.0",
        "minipass-sized": "^1.0.3",
        "minizlib": "^2.0.0"
      },
      "engines": {
        "node": ">=8"
      },
      "optionalDependencies": {
        "encoding": "^0.1.12"
      }
    },
    "node_modules/minipass-flush": {
      "version": "1.0.5",
      "resolved": "https://registry.npmjs.org/minipass-flush/-/minipass-flush-1.0.5.tgz",
      "integrity": "sha512-JmQSYYpPUqX5Jyn1mXaRwOda1uQ8HP5KAT/oDSLCzt1BYRhQU0/hDtsB1ufZfEEzMZ9aAVmsBw8+FWsIXlClWw==",
      "license": "ISC",
      "optional": true,
      "dependencies": {
        "minipass": "^3.0.0"
      },
      "engines": {
        "node": ">= 8"
      }
    },
    "node_modules/minipass-pipeline": {
      "version": "1.2.4",
      "resolved": "https://registry.npmjs.org/minipass-pipeline/-/minipass-pipeline-1.2.4.tgz",
      "integrity": "sha512-xuIq7cIOt09RPRJ19gdi4b+RiNvDFYe5JH+ggNvBqGqpQXcru3PcRmOZuHBKWK1Txf9+cQ+HMVN4d6z46LZP7A==",
      "license": "ISC",
      "optional": true,
      "dependencies": {
        "minipass": "^3.0.0"
      },
      "engines": {
        "node": ">=8"
      }
    },
    "node_modules/minipass-sized": {
      "version": "1.0.3",
      "resolved": "https://registry.npmjs.org/minipass-sized/-/minipass-sized-1.0.3.tgz",
      "integrity": "sha512-MbkQQ2CTiBMlA2Dm/5cY+9SWFEN8pzzOXi6rlM5Xxq0Yqbda5ZQy9sU75a673FE9ZK0Zsbr6Y5iP6u9nktfg2g==",
      "license": "ISC",
      "optional": true,
      "dependencies": {
        "minipass": "^3.0.0"
      },
      "engines": {
        "node": ">=8"
      }
    },
    "node_modules/minizlib": {
      "version": "2.1.2",
      "resolved": "https://registry.npmjs.org/minizlib/-/minizlib-2.1.2.tgz",
      "integrity": "sha512-bAxsR8BVfj60DWXHE3u30oHzfl4G7khkSuPW+qvpd7jFRHm7dLxOjUk1EHACJ/hxLY8phGJ0YhYHZo7jil7Qdg==",
      "license": "MIT",
      "dependencies": {
        "minipass": "^3.0.0",
        "yallist": "^4.0.0"
      },
      "engines": {
        "node": ">= 8"
      }
    },
    "node_modules/mkdirp": {
      "version": "1.0.4",
      "resolved": "https://registry.npmjs.org/mkdirp/-/mkdirp-1.0.4.tgz",
      "integrity": "sha512-vVqVZQyf3WLx2Shd0qJ9xuvqgAyKPLAiqITEtqW0oIUjzo3PePDd6fW9iFz30ef7Ysp/oiWqbhszeGWW2T6Gzw==",
      "license": "MIT",
      "bin": {
        "mkdirp": "bin/cmd.js"
      },
      "engines": {
        "node": ">=10"
      }
    },
    "node_modules/mkdirp-classic": {
      "version": "0.5.3",
      "resolved": "https://registry.npmjs.org/mkdirp-classic/-/mkdirp-classic-0.5.3.tgz",
      "integrity": "sha512-gKLcREMhtuZRwRAfqP3RFW+TK4JqApVBtOIftVgjuABpAtpxhPGaDcfvbhNvD0B8iD1oUr/txX35NjcaY6Ns/A==",
      "license": "MIT"
    },
    "node_modules/ms": {
      "version": "2.0.0",
      "resolved": "https://registry.npmjs.org/ms/-/ms-2.0.0.tgz",
      "integrity": "sha512-Tpp60P6IUJDTuOq/5Z8cdskzJujfwqfOTkrwIwj7IRISpnkJnT6SyJ4PCPnGMoFjC9ddhal5KVIYtAt97ix05A==",
      "license": "MIT"
    },
    "node_modules/napi-build-utils": {
      "version": "2.0.0",
      "resolved": "https://registry.npmjs.org/napi-build-utils/-/napi-build-utils-2.0.0.tgz",
      "integrity": "sha512-GEbrYkbfF7MoNaoh2iGG84Mnf/WZfB0GdGEsM8wz7Expx/LlWf5U8t9nvJKXSp3qr5IsEbK04cBGhol/KwOsWA==",
      "license": "MIT"
    },
    "node_modules/negotiator": {
      "version": "0.6.3",
      "resolved": "https://registry.npmjs.org/negotiator/-/negotiator-0.6.3.tgz",
      "integrity": "sha512-+EUsqGPLsM+j/zdChZjsnX51g4XrHFOIXwfnCVPGlQk/k5giakcKsuxCObBRu6DSm9opw/O6slWbJdghQM4bBg==",
      "license": "MIT",
      "engines": {
        "node": ">= 0.6"
      }
    },
    "node_modules/node-abi": {
      "version": "3.74.0",
      "resolved": "https://registry.npmjs.org/node-abi/-/node-abi-3.74.0.tgz",
      "integrity": "sha512-c5XK0MjkGBrQPGYG24GBADZud0NCbznxNx0ZkS+ebUTrmV1qTDxPxSL8zEAPURXSbLRWVexxmP4986BziahL5w==",
      "license": "MIT",
      "dependencies": {
        "semver": "^7.3.5"
      },
      "engines": {
        "node": ">=10"
      }
    },
    "node_modules/node-addon-api": {
      "version": "7.1.1",
      "resolved": "https://registry.npmjs.org/node-addon-api/-/node-addon-api-7.1.1.tgz",
      "integrity": "sha512-5m3bsyrjFWE1xf7nz7YXdN4udnVtXK6/Yfgn5qnahL6bCkf2yKt4k3nuTKAtT4r3IG8JNR2ncsIMdZuAzJjHQQ==",
      "license": "MIT"
    },
    "node_modules/node-gyp": {
      "version": "8.4.1",
      "resolved": "https://registry.npmjs.org/node-gyp/-/node-gyp-8.4.1.tgz",
      "integrity": "sha512-olTJRgUtAb/hOXG0E93wZDs5YiJlgbXxTwQAFHyNlRsXQnYzUaF2aGgujZbw+hR8aF4ZG/rST57bWMWD16jr9w==",
      "license": "MIT",
      "optional": true,
      "dependencies": {
        "env-paths": "^2.2.0",
        "glob": "^7.1.4",
        "graceful-fs": "^4.2.6",
        "make-fetch-happen": "^9.1.0",
        "nopt": "^5.0.0",
        "npmlog": "^6.0.0",
        "rimraf": "^3.0.2",
        "semver": "^7.3.5",
        "tar": "^6.1.2",
        "which": "^2.0.2"
      },
      "bin": {
        "node-gyp": "bin/node-gyp.js"
      },
      "engines": {
        "node": ">= 10.12.0"
      }
    },
    "node_modules/nopt": {
      "version": "5.0.0",
      "resolved": "https://registry.npmjs.org/nopt/-/nopt-5.0.0.tgz",
      "integrity": "sha512-Tbj67rffqceeLpcRXrT7vKAN8CwfPeIBgM7E6iBkmKLV7bEMwpGgYLGv0jACUsECaa/vuxP0IjEont6umdMgtQ==",
      "license": "ISC",
      "optional": true,
      "dependencies": {
        "abbrev": "1"
      },
      "bin": {
        "nopt": "bin/nopt.js"
      },
      "engines": {
        "node": ">=6"
      }
    },
    "node_modules/npmlog": {
      "version": "6.0.2",
      "resolved": "https://registry.npmjs.org/npmlog/-/npmlog-6.0.2.tgz",
      "integrity": "sha512-/vBvz5Jfr9dT/aFWd0FIRf+T/Q2WBsLENygUaFUqstqsycmZAP/t5BvFJTK0viFmSUxiUKTUplWy5vt+rvKIxg==",
      "deprecated": "This package is no longer supported.",
      "license": "ISC",
      "optional": true,
      "dependencies": {
        "are-we-there-yet": "^3.0.0",
        "console-control-strings": "^1.1.0",
        "gauge": "^4.0.3",
        "set-blocking": "^2.0.0"
      },
      "engines": {
        "node": "^12.13.0 || ^14.15.0 || >=16.0.0"
      }
    },
    "node_modules/object-inspect": {
      "version": "1.13.4",
      "resolved": "https://registry.npmjs.org/object-inspect/-/object-inspect-1.13.4.tgz",
      "integrity": "sha512-W67iLl4J2EXEGTbfeHCffrjDfitvLANg0UlX3wFUUSTx92KXRFegMHUVgSqE+wvhAbi4WqjGg9czysTV2Epbew==",
      "license": "MIT",
      "engines": {
        "node": ">= 0.4"
      },
      "funding": {
        "url": "https://github.com/sponsors/ljharb"
      }
    },
    "node_modules/on-finished": {
      "version": "2.4.1",
      "resolved": "https://registry.npmjs.org/on-finished/-/on-finished-2.4.1.tgz",
      "integrity": "sha512-oVlzkg3ENAhCk2zdv7IJwd/QUD4z2RxRwpkcGY8psCVcCYZNq4wYnVWALHM+brtuJjePWiYF/ClmuDr8Ch5+kg==",
      "license": "MIT",
      "dependencies": {
        "ee-first": "1.1.1"
      },
      "engines": {
        "node": ">= 0.8"
      }
    },
    "node_modules/once": {
      "version": "1.4.0",
      "resolved": "https://registry.npmjs.org/once/-/once-1.4.0.tgz",
      "integrity": "sha512-lNaJgI+2Q5URQBkccEKHTQOPaXdUxnZZElQTZY0MFUAuaEqe1E+Nyvgdz/aIyNi6Z9MzO5dv1H8n58/GELp3+w==",
      "license": "ISC",
      "dependencies": {
        "wrappy": "1"
      }
    },
    "node_modules/p-map": {
      "version": "4.0.0",
      "resolved": "https://registry.npmjs.org/p-map/-/p-map-4.0.0.tgz",
      "integrity": "sha512-/bjOqmgETBYB5BoEeGVea8dmvHb2m9GLy1E9W43yeyfP6QQCZGFNa+XRceJEuDB6zqr+gKpIAmlLebMpykw/MQ==",
      "license": "MIT",
      "optional": true,
      "dependencies": {
        "aggregate-error": "^3.0.0"
      },
      "engines": {
        "node": ">=10"
      },
      "funding": {
        "url": "https://github.com/sponsors/sindresorhus"
      }
    },
    "node_modules/parseurl": {
      "version": "1.3.3",
      "resolved": "https://registry.npmjs.org/parseurl/-/parseurl-1.3.3.tgz",
      "integrity": "sha512-CiyeOxFT/JZyN5m0z9PfXw4SCBJ6Sygz1Dpl0wqjlhDEGGBP1GnsUVEL0p63hoG1fcj3fHynXi9NYO4nWOL+qQ==",
      "license": "MIT",
      "engines": {
        "node": ">= 0.8"
      }
    },
    "node_modules/path-is-absolute": {
      "version": "1.0.1",
      "resolved": "https://registry.npmjs.org/path-is-absolute/-/path-is-absolute-1.0.1.tgz",
      "integrity": "sha512-AVbw3UJ2e9bq64vSaS9Am0fje1Pa8pbGqTTsmXfaIiMpnr5DlDhfJOuLj9Sf95ZPVDAUerDfEk88MPmPe7UCQg==",
      "license": "MIT",
      "optional": true,
      "engines": {
        "node": ">=0.10.0"
      }
    },
    "node_modules/path-to-regexp": {
      "version": "0.1.12",
      "resolved": "https://registry.npmjs.org/path-to-regexp/-/path-to-regexp-0.1.12.tgz",
      "integrity": "sha512-RA1GjUVMnvYFxuqovrEqZoxxW5NUZqbwKtYz/Tt7nXerk0LbLblQmrsgdeOxV5SFHf0UDggjS/bSeOZwt1pmEQ==",
      "license": "MIT"
    },
    "node_modules/prebuild-install": {
      "version": "7.1.3",
      "resolved": "https://registry.npmjs.org/prebuild-install/-/prebuild-install-7.1.3.tgz",
      "integrity": "sha512-8Mf2cbV7x1cXPUILADGI3wuhfqWvtiLA1iclTDbFRZkgRQS0NqsPZphna9V+HyTEadheuPmjaJMsbzKQFOzLug==",
      "license": "MIT",
      "dependencies": {
        "detect-libc": "^2.0.0",
        "expand-template": "^2.0.3",
        "github-from-package": "0.0.0",
        "minimist": "^1.2.3",
        "mkdirp-classic": "^0.5.3",
        "napi-build-utils": "^2.0.0",
        "node-abi": "^3.3.0",
        "pump": "^3.0.0",
        "rc": "^1.2.7",
        "simple-get": "^4.0.0",
        "tar-fs": "^2.0.0",
        "tunnel-agent": "^0.6.0"
      },
      "bin": {
        "prebuild-install": "bin.js"
      },
      "engines": {
        "node": ">=10"
      }
    },
    "node_modules/promise-inflight": {
      "version": "1.0.1",
      "resolved": "https://registry.npmjs.org/promise-inflight/-/promise-inflight-1.0.1.tgz",
      "integrity": "sha512-6zWPyEOFaQBJYcGMHBKTKJ3u6TBsnMFOIZSa6ce1e/ZrrsOlnHRHbabMjLiBYKp+n44X9eUI6VUPaukCXHuG4g==",
      "license": "ISC",
      "optional": true
    },
    "node_modules/promise-retry": {
      "version": "2.0.1",
      "resolved": "https://registry.npmjs.org/promise-retry/-/promise-retry-2.0.1.tgz",
      "integrity": "sha512-y+WKFlBR8BGXnsNlIHFGPZmyDf3DFMoLhaflAnyZgV6rG6xu+JwesTo2Q9R6XwYmtmwAFCkAk3e35jEdoeh/3g==",
      "license": "MIT",
      "optional": true,
      "dependencies": {
        "err-code": "^2.0.2",
        "retry": "^0.12.0"
      },
      "engines": {
        "node": ">=10"
      }
    },
    "node_modules/proxy-addr": {
      "version": "2.0.7",
      "resolved": "https://registry.npmjs.org/proxy-addr/-/proxy-addr-2.0.7.tgz",
      "integrity": "sha512-llQsMLSUDUPT44jdrU/O37qlnifitDP+ZwrmmZcoSKyLKvtZxpyV0n2/bD/N4tBAAZ/gJEdZU7KMraoK1+XYAg==",
      "license": "MIT",
      "dependencies": {
        "forwarded": "0.2.0",
        "ipaddr.js": "1.9.1"
      },
      "engines": {
        "node": ">= 0.10"
      }
    },
    "node_modules/pump": {
      "version": "3.0.2",
      "resolved": "https://registry.npmjs.org/pump/-/pump-3.0.2.tgz",
      "integrity": "sha512-tUPXtzlGM8FE3P0ZL6DVs/3P58k9nk8/jZeQCurTJylQA8qFYzHFfhBJkuqyE0FifOsQ0uKWekiZ5g8wtr28cw==",
      "license": "MIT",
      "dependencies": {
        "end-of-stream": "^1.1.0",
        "once": "^1.3.1"
      }
    },
    "node_modules/qs": {
      "version": "6.13.0",
      "resolved": "https://registry.npmjs.org/qs/-/qs-6.13.0.tgz",
      "integrity": "sha512-+38qI9SOr8tfZ4QmJNplMUxqjbe7LKvvZgWdExBOmd+egZTtjLB67Gu0HRX3u/XOq7UU2Nx6nsjvS16Z9uwfpg==",
      "license": "BSD-3-Clause",
      "dependencies": {
        "side-channel": "^1.0.6"
      },
      "engines": {
        "node": ">=0.6"
      },
      "funding": {
        "url": "https://github.com/sponsors/ljharb"
      }
    },
    "node_modules/range-parser": {
      "version": "1.2.1",
      "resolved": "https://registry.npmjs.org/range-parser/-/range-parser-1.2.1.tgz",
      "integrity": "sha512-Hrgsx+orqoygnmhFbKaHE6c296J+HTAQXoxEF6gNupROmmGJRoyzfG3ccAveqCBrwr/2yxQ5BVd/GTl5agOwSg==",
      "license": "MIT",
      "engines": {
        "node": ">= 0.6"
      }
    },
    "node_modules/raw-body": {
      "version": "2.5.2",
      "resolved": "https://registry.npmjs.org/raw-body/-/raw-body-2.5.2.tgz",
      "integrity": "sha512-8zGqypfENjCIqGhgXToC8aB2r7YrBX+AQAfIPs/Mlk+BtPTztOvTS01NRW/3Eh60J+a48lt8qsCzirQ6loCVfA==",
      "license": "MIT",
      "dependencies": {
        "bytes": "3.1.2",
        "http-errors": "2.0.0",
        "iconv-lite": "0.4.24",
        "unpipe": "1.0.0"
      },
      "engines": {
        "node": ">= 0.8"
      }
    },
    "node_modules/rc": {
      "version": "1.2.8",
      "resolved": "https://registry.npmjs.org/rc/-/rc-1.2.8.tgz",
      "integrity": "sha512-y3bGgqKj3QBdxLbLkomlohkvsA8gdAiUQlSBJnBhfn+BPxg4bc62d8TcBW15wavDfgexCgccckhcZvywyQYPOw==",
      "license": "(BSD-2-Clause OR MIT OR Apache-2.0)",
      "dependencies": {
        "deep-extend": "^0.6.0",
        "ini": "~1.3.0",
        "minimist": "^1.2.0",
        "strip-json-comments": "~2.0.1"
      },
      "bin": {
        "rc": "cli.js"
      }
    },
    "node_modules/readable-stream": {
      "version": "3.6.2",
      "resolved": "https://registry.npmjs.org/readable-stream/-/readable-stream-3.6.2.tgz",
      "integrity": "sha512-9u/sniCrY3D5WdsERHzHE4G2YCXqoG5FTHUiCC4SIbr6XcLZBY05ya9EKjYek9O5xOAwjGq+1JdGBAS7Q9ScoA==",
      "license": "MIT",
      "dependencies": {
        "inherits": "^2.0.3",
        "string_decoder": "^1.1.1",
        "util-deprecate": "^1.0.1"
      },
      "engines": {
        "node": ">= 6"
      }
    },
    "node_modules/retry": {
      "version": "0.12.0",
      "resolved": "https://registry.npmjs.org/retry/-/retry-0.12.0.tgz",
      "integrity": "sha512-9LkiTwjUh6rT555DtE9rTX+BKByPfrMzEAtnlEtdEwr3Nkffwiihqe2bWADg+OQRjt9gl6ICdmB/ZFDCGAtSow==",
      "license": "MIT",
      "optional": true,
      "engines": {
        "node": ">= 4"
      }
    },
    "node_modules/rimraf": {
      "version": "3.0.2",
      "resolved": "https://registry.npmjs.org/rimraf/-/rimraf-3.0.2.tgz",
      "integrity": "sha512-JZkJMZkAGFFPP2YqXZXPbMlMBgsxzE8ILs4lMIX/2o0L9UBw9O/Y3o6wFw/i9YLapcUJWwqbi3kdxIPdC62TIA==",
      "deprecated": "Rimraf versions prior to v4 are no longer supported",
      "license": "ISC",
      "optional": true,
      "dependencies": {
        "glob": "^7.1.3"
      },
      "bin": {
        "rimraf": "bin.js"
      },
      "funding": {
        "url": "https://github.com/sponsors/isaacs"
      }
    },
    "node_modules/safe-buffer": {
      "version": "5.2.1",
      "resolved": "https://registry.npmjs.org/safe-buffer/-/safe-buffer-5.2.1.tgz",
      "integrity": "sha512-rp3So07KcdmmKbGvgaNxQSJr7bGVSVk5S9Eq1F+ppbRo70+YeaDxkw5Dd8NPN+GD6bjnYm2VuPuCXmpuYvmCXQ==",
      "funding": [
        {
          "type": "github",
          "url": "https://github.com/sponsors/feross"
        },
        {
          "type": "patreon",
          "url": "https://www.patreon.com/feross"
        },
        {
          "type": "consulting",
          "url": "https://feross.org/support"
        }
      ],
      "license": "MIT"
    },
    "node_modules/safer-buffer": {
      "version": "2.1.2",
      "resolved": "https://registry.npmjs.org/safer-buffer/-/safer-buffer-2.1.2.tgz",
      "integrity": "sha512-YZo3K82SD7Riyi0E1EQPojLz7kpepnSQI9IyPbHHg1XXXevb5dJI7tpyN2ADxGcQbHG7vcyRHk0cbwqcQriUtg==",
      "license": "MIT"
    },
    "node_modules/semver": {
      "version": "7.7.1",
      "resolved": "https://registry.npmjs.org/semver/-/semver-7.7.1.tgz",
      "integrity": "sha512-hlq8tAfn0m/61p4BVRcPzIGr6LKiMwo4VM6dGi6pt4qcRkmNzTcWq6eCEjEh+qXjkMDvPlOFFSGwQjoEa6gyMA==",
      "license": "ISC",
      "bin": {
        "semver": "bin/semver.js"
      },
      "engines": {
        "node": ">=10"
      }
    },
    "node_modules/send": {
      "version": "0.19.0",
      "resolved": "https://registry.npmjs.org/send/-/send-0.19.0.tgz",
      "integrity": "sha512-dW41u5VfLXu8SJh5bwRmyYUbAoSB3c9uQh6L8h/KtsFREPWpbX1lrljJo186Jc4nmci/sGUZ9a0a0J2zgfq2hw==",
      "license": "MIT",
      "dependencies": {
        "debug": "2.6.9",
        "depd": "2.0.0",
        "destroy": "1.2.0",
        "encodeurl": "~1.0.2",
        "escape-html": "~1.0.3",
        "etag": "~1.8.1",
        "fresh": "0.5.2",
        "http-errors": "2.0.0",
        "mime": "1.6.0",
        "ms": "2.1.3",
        "on-finished": "2.4.1",
        "range-parser": "~1.2.1",
        "statuses": "2.0.1"
      },
      "engines": {
        "node": ">= 0.8.0"
      }
    },
    "node_modules/send/node_modules/encodeurl": {
      "version": "1.0.2",
      "resolved": "https://registry.npmjs.org/encodeurl/-/encodeurl-1.0.2.tgz",
      "integrity": "sha512-TPJXq8JqFaVYm2CWmPvnP2Iyo4ZSM7/QKcSmuMLDObfpH5fi7RUGmd/rTDf+rut/saiDiQEeVTNgAmJEdAOx0w==",
      "license": "MIT",
      "engines": {
        "node": ">= 0.8"
      }
    },
    "node_modules/send/node_modules/ms": {
      "version": "2.1.3",
      "resolved": "https://registry.npmjs.org/ms/-/ms-2.1.3.tgz",
      "integrity": "sha512-6FlzubTLZG3J2a/NVCAleEhjzq5oxgHyaCU9yYXvcLsvoVaHJq/s5xXI6/XXP6tz7R9xAOtHnSO/tXtF3WRTlA==",
      "license": "MIT"
    },
    "node_modules/serve-static": {
      "version": "1.16.2",
      "resolved": "https://registry.npmjs.org/serve-static/-/serve-static-1.16.2.tgz",
      "integrity": "sha512-VqpjJZKadQB/PEbEwvFdO43Ax5dFBZ2UECszz8bQ7pi7wt//PWe1P6MN7eCnjsatYtBT6EuiClbjSWP2WrIoTw==",
      "license": "MIT",
      "dependencies": {
        "encodeurl": "~2.0.0",
        "escape-html": "~1.0.3",
        "parseurl": "~1.3.3",
        "send": "0.19.0"
      },
      "engines": {
        "node": ">= 0.8.0"
      }
    },
    "node_modules/set-blocking": {
      "version": "2.0.0",
      "resolved": "https://registry.npmjs.org/set-blocking/-/set-blocking-2.0.0.tgz",
      "integrity": "sha512-KiKBS8AnWGEyLzofFfmvKwpdPzqiy16LvQfK3yv/fVH7Bj13/wl3JSR1J+rfgRE9q7xUJK4qvgS8raSOeLUehw==",
      "license": "ISC",
      "optional": true
    },
    "node_modules/setprototypeof": {
      "version": "1.2.0",
      "resolved": "https://registry.npmjs.org/setprototypeof/-/setprototypeof-1.2.0.tgz",
      "integrity": "sha512-E5LDX7Wrp85Kil5bhZv46j8jOeboKq5JMmYM3gVGdGH8xFpPWXUMsNrlODCrkoxMEeNi/XZIwuRvY4XNwYMJpw==",
      "license": "ISC"
    },
    "node_modules/side-channel": {
      "version": "1.1.0",
      "resolved": "https://registry.npmjs.org/side-channel/-/side-channel-1.1.0.tgz",
      "integrity": "sha512-ZX99e6tRweoUXqR+VBrslhda51Nh5MTQwou5tnUDgbtyM0dBgmhEDtWGP/xbKn6hqfPRHujUNwz5fy/wbbhnpw==",
      "license": "MIT",
      "dependencies": {
        "es-errors": "^1.3.0",
        "object-inspect": "^1.13.3",
        "side-channel-list": "^1.0.0",
        "side-channel-map": "^1.0.1",
        "side-channel-weakmap": "^1.0.2"
      },
      "engines": {
        "node": ">= 0.4"
      },
      "funding": {
        "url": "https://github.com/sponsors/ljharb"
      }
    },
    "node_modules/side-channel-list": {
      "version": "1.0.0",
      "resolved": "https://registry.npmjs.org/side-channel-list/-/side-channel-list-1.0.0.tgz",
      "integrity": "sha512-FCLHtRD/gnpCiCHEiJLOwdmFP+wzCmDEkc9y7NsYxeF4u7Btsn1ZuwgwJGxImImHicJArLP4R0yX4c2KCrMrTA==",
      "license": "MIT",
      "dependencies": {
        "es-errors": "^1.3.0",
        "object-inspect": "^1.13.3"
      },
      "engines": {
        "node": ">= 0.4"
      },
      "funding": {
        "url": "https://github.com/sponsors/ljharb"
      }
    },
    "node_modules/side-channel-map": {
      "version": "1.0.1",
      "resolved": "https://registry.npmjs.org/side-channel-map/-/side-channel-map-1.0.1.tgz",
      "integrity": "sha512-VCjCNfgMsby3tTdo02nbjtM/ewra6jPHmpThenkTYh8pG9ucZ/1P8So4u4FGBek/BjpOVsDCMoLA/iuBKIFXRA==",
      "license": "MIT",
      "dependencies": {
        "call-bound": "^1.0.2",
        "es-errors": "^1.3.0",
        "get-intrinsic": "^1.2.5",
        "object-inspect": "^1.13.3"
      },
      "engines": {
        "node": ">= 0.4"
      },
      "funding": {
        "url": "https://github.com/sponsors/ljharb"
      }
    },
    "node_modules/side-channel-weakmap": {
      "version": "1.0.2",
      "resolved": "https://registry.npmjs.org/side-channel-weakmap/-/side-channel-weakmap-1.0.2.tgz",
      "integrity": "sha512-WPS/HvHQTYnHisLo9McqBHOJk2FkHO/tlpvldyrnem4aeQp4hai3gythswg6p01oSoTl58rcpiFAjF2br2Ak2A==",
      "license": "MIT",
      "dependencies": {
        "call-bound": "^1.0.2",
        "es-errors": "^1.3.0",
        "get-intrinsic": "^1.2.5",
        "object-inspect": "^1.13.3",
        "side-channel-map": "^1.0.1"
      },
      "engines": {
        "node": ">= 0.4"
      },
      "funding": {
        "url": "https://github.com/sponsors/ljharb"
      }
    },
    "node_modules/signal-exit": {
      "version": "3.0.7",
      "resolved": "https://registry.npmjs.org/signal-exit/-/signal-exit-3.0.7.tgz",
      "integrity": "sha512-wnD2ZE+l+SPC/uoS0vXeE9L1+0wuaMqKlfz9AMUo38JsyLSBWSFcHR1Rri62LZc12vLr1gb3jl7iwQhgwpAbGQ==",
      "license": "ISC",
      "optional": true
    },
    "node_modules/simple-concat": {
      "version": "1.0.1",
      "resolved": "https://registry.npmjs.org/simple-concat/-/simple-concat-1.0.1.tgz",
      "integrity": "sha512-cSFtAPtRhljv69IK0hTVZQ+OfE9nePi/rtJmw5UjHeVyVroEqJXP1sFztKUy1qU+xvz3u/sfYJLa947b7nAN2Q==",
      "funding": [
        {
          "type": "github",
          "url": "https://github.com/sponsors/feross"
        },
        {
          "type": "patreon",
          "url": "https://www.patreon.com/feross"
        },
        {
          "type": "consulting",
          "url": "https://feross.org/support"
        }
      ],
      "license": "MIT"
    },
    "node_modules/simple-get": {
      "version": "4.0.1",
      "resolved": "https://registry.npmjs.org/simple-get/-/simple-get-4.0.1.tgz",
      "integrity": "sha512-brv7p5WgH0jmQJr1ZDDfKDOSeWWg+OVypG99A/5vYGPqJ6pxiaHLy8nxtFjBA7oMa01ebA9gfh1uMCFqOuXxvA==",
      "funding": [
        {
          "type": "github",
          "url": "https://github.com/sponsors/feross"
        },
        {
          "type": "patreon",
          "url": "https://www.patreon.com/feross"
        },
        {
          "type": "consulting",
          "url": "https://feross.org/support"
        }
      ],
      "license": "MIT",
      "dependencies": {
        "decompress-response": "^6.0.0",
        "once": "^1.3.1",
        "simple-concat": "^1.0.0"
      }
    },
    "node_modules/smart-buffer": {
      "version": "4.2.0",
      "resolved": "https://registry.npmjs.org/smart-buffer/-/smart-buffer-4.2.0.tgz",
      "integrity": "sha512-94hK0Hh8rPqQl2xXc3HsaBoOXKV20MToPkcXvwbISWLEs+64sBq5kFgn2kJDHb1Pry9yrP0dxrCI9RRci7RXKg==",
      "license": "MIT",
      "optional": true,
      "engines": {
        "node": ">= 6.0.0",
        "npm": ">= 3.0.0"
      }
    },
    "node_modules/socks": {
      "version": "2.8.4",
      "resolved": "https://registry.npmjs.org/socks/-/socks-2.8.4.tgz",
      "integrity": "sha512-D3YaD0aRxR3mEcqnidIs7ReYJFVzWdd6fXJYUM8ixcQcJRGTka/b3saV0KflYhyVJXKhb947GndU35SxYNResQ==",
      "license": "MIT",
      "optional": true,
      "dependencies": {
        "ip-address": "^9.0.5",
        "smart-buffer": "^4.2.0"
      },
      "engines": {
        "node": ">= 10.0.0",
        "npm": ">= 3.0.0"
      }
    },
    "node_modules/socks-proxy-agent": {
      "version": "6.2.1",
      "resolved": "https://registry.npmjs.org/socks-proxy-agent/-/socks-proxy-agent-6.2.1.tgz",
      "integrity": "sha512-a6KW9G+6B3nWZ1yB8G7pJwL3ggLy1uTzKAgCb7ttblwqdz9fMGJUuTy3uFzEP48FAs9FLILlmzDlE2JJhVQaXQ==",
      "license": "MIT",
      "optional": true,
      "dependencies": {
        "agent-base": "^6.0.2",
        "debug": "^4.3.3",
        "socks": "^2.6.2"
      },
      "engines": {
        "node": ">= 10"
      }
    },
    "node_modules/socks-proxy-agent/node_modules/debug": {
      "version": "4.4.0",
      "resolved": "https://registry.npmjs.org/debug/-/debug-4.4.0.tgz",
      "integrity": "sha512-6WTZ/IxCY/T6BALoZHaE4ctp9xm+Z5kY/pzYaCHRFeyVhojxlrm+46y68HA6hr0TcwEssoxNiDEUJQjfPZ/RYA==",
      "license": "MIT",
      "optional": true,
      "dependencies": {
        "ms": "^2.1.3"
      },
      "engines": {
        "node": ">=6.0"
      },
      "peerDependenciesMeta": {
        "supports-color": {
          "optional": true
        }
      }
    },
    "node_modules/socks-proxy-agent/node_modules/ms": {
      "version": "2.1.3",
      "resolved": "https://registry.npmjs.org/ms/-/ms-2.1.3.tgz",
      "integrity": "sha512-6FlzubTLZG3J2a/NVCAleEhjzq5oxgHyaCU9yYXvcLsvoVaHJq/s5xXI6/XXP6tz7R9xAOtHnSO/tXtF3WRTlA==",
      "license": "MIT",
      "optional": true
    },
    "node_modules/sprintf-js": {
      "version": "1.1.3",
      "resolved": "https://registry.npmjs.org/sprintf-js/-/sprintf-js-1.1.3.tgz",
      "integrity": "sha512-Oo+0REFV59/rz3gfJNKQiBlwfHaSESl1pcGyABQsnnIfWOFt6JNj5gCog2U6MLZ//IGYD+nA8nI+mTShREReaA==",
      "license": "BSD-3-Clause",
      "optional": true
    },
    "node_modules/sqlite3": {
      "version": "5.1.7",
      "resolved": "https://registry.npmjs.org/sqlite3/-/sqlite3-5.1.7.tgz",
      "integrity": "sha512-GGIyOiFaG+TUra3JIfkI/zGP8yZYLPQ0pl1bH+ODjiX57sPhrLU5sQJn1y9bDKZUFYkX1crlrPfSYt0BKKdkog==",
      "hasInstallScript": true,
      "license": "BSD-3-Clause",
      "dependencies": {
        "bindings": "^1.5.0",
        "node-addon-api": "^7.0.0",
        "prebuild-install": "^7.1.1",
        "tar": "^6.1.11"
      },
      "optionalDependencies": {
        "node-gyp": "8.x"
      },
      "peerDependencies": {
        "node-gyp": "8.x"
      },
      "peerDependenciesMeta": {
        "node-gyp": {
          "optional": true
        }
      }
    },
    "node_modules/ssri": {
      "version": "8.0.1",
      "resolved": "https://registry.npmjs.org/ssri/-/ssri-8.0.1.tgz",
      "integrity": "sha512-97qShzy1AiyxvPNIkLWoGua7xoQzzPjQ0HAH4B0rWKo7SZ6USuPcrUiAFrws0UH8RrbWmgq3LMTObhPIHbbBeQ==",
      "license": "ISC",
      "optional": true,
      "dependencies": {
        "minipass": "^3.1.1"
      },
      "engines": {
        "node": ">= 8"
      }
    },
    "node_modules/statuses": {
      "version": "2.0.1",
      "resolved": "https://registry.npmjs.org/statuses/-/statuses-2.0.1.tgz",
      "integrity": "sha512-RwNA9Z/7PrK06rYLIzFMlaF+l73iwpzsqRIFgbMLbTcLD6cOao82TaWefPXQvB2fOC4AjuYSEndS7N/mTCbkdQ==",
      "license": "MIT",
      "engines": {
        "node": ">= 0.8"
      }
    },
    "node_modules/string_decoder": {
      "version": "1.3.0",
      "resolved": "https://registry.npmjs.org/string_decoder/-/string_decoder-1.3.0.tgz",
      "integrity": "sha512-hkRX8U1WjJFd8LsDJ2yQ/wWWxaopEsABU1XfkM8A+j0+85JAGppt16cr1Whg6KIbb4okU6Mql6BOj+uup/wKeA==",
      "license": "MIT",
      "dependencies": {
        "safe-buffer": "~5.2.0"
      }
    },
    "node_modules/string-width": {
      "version": "4.2.3",
      "resolved": "https://registry.npmjs.org/string-width/-/string-width-4.2.3.tgz",
      "integrity": "sha512-wKyQRQpjJ0sIp62ErSZdGsjMJWsap5oRNihHhu6G7JVO/9jIB6UyevL+tXuOqrng8j/cxKTWyWUwvSTriiZz/g==",
      "license": "MIT",
      "optional": true,
      "dependencies": {
        "emoji-regex": "^8.0.0",
        "is-fullwidth-code-point": "^3.0.0",
        "strip-ansi": "^6.0.1"
      },
      "engines": {
        "node": ">=8"
      }
    },
    "node_modules/strip-ansi": {
      "version": "6.0.1",
      "resolved": "https://registry.npmjs.org/strip-ansi/-/strip-ansi-6.0.1.tgz",
      "integrity": "sha512-Y38VPSHcqkFrCpFnQ9vuSXmquuv5oXOKpGeT6aGrr3o3Gc9AlVa6JBfUSOCnbxGGZF+/0ooI7KrPuUSztUdU5A==",
      "license": "MIT",
      "optional": true,
      "dependencies": {
        "ansi-regex": "^5.0.1"
      },
      "engines": {
        "node": ">=8"
      }
    },
    "node_modules/strip-json-comments": {
      "version": "2.0.1",
      "resolved": "https://registry.npmjs.org/strip-json-comments/-/strip-json-comments-2.0.1.tgz",
      "integrity": "sha512-4gB8na07fecVVkOI6Rs4e7T6NOTki5EmL7TUduTs6bu3EdnSycntVJ4re8kgZA+wx9IueI2Y11bfbgwtzuE0KQ==",
      "license": "MIT",
      "engines": {
        "node": ">=0.10.0"
      }
    },
    "node_modules/supports-color": {
      "version": "7.2.0",
      "resolved": "https://registry.npmjs.org/supports-color/-/supports-color-7.2.0.tgz",
      "integrity": "sha512-qpCAvRl9stuOHveKsn7HncJRvv501qIacKzQlO/+Lwxc9+0q2wLyv4Dfvt80/DPn2pqOBsJdDiogXGR9+OvwRw==",
      "license": "MIT",
      "dependencies": {
        "has-flag": "^4.0.0"
      },
      "engines": {
        "node": ">=8"
      }
    },
    "node_modules/tar": {
      "version": "6.2.1",
      "resolved": "https://registry.npmjs.org/tar/-/tar-6.2.1.tgz",
      "integrity": "sha512-DZ4yORTwrbTj/7MZYq2w+/ZFdI6OZ/f9SFHR+71gIVUZhOQPHzVCLpvRnPgyaMpfWxxk/4ONva3GQSyNIKRv6A==",
      "license": "ISC",
      "dependencies": {
        "chownr": "^2.0.0",
        "fs-minipass": "^2.0.0",
        "minipass": "^5.0.0",
        "minizlib": "^2.1.1",
        "mkdirp": "^1.0.3",
        "yallist": "^4.0.0"
      },
      "engines": {
        "node": ">=10"
      }
    },
    "node_modules/tar-fs": {
      "version": "2.1.2",
      "resolved": "https://registry.npmjs.org/tar-fs/-/tar-fs-2.1.2.tgz",
      "integrity": "sha512-EsaAXwxmx8UB7FRKqeozqEPop69DXcmYwTQwXvyAPF352HJsPdkVhvTaDPYqfNgruveJIJy3TA2l+2zj8LJIJA==",
      "license": "MIT",
      "dependencies": {
        "chownr": "^1.1.1",
        "mkdirp-classic": "^0.5.2",
        "pump": "^3.0.0",
        "tar-stream": "^2.1.4"
      }
    },
    "node_modules/tar-fs/node_modules/chownr": {
      "version": "1.1.4",
      "resolved": "https://registry.npmjs.org/chownr/-/chownr-1.1.4.tgz",
      "integrity": "sha512-jJ0bqzaylmJtVnNgzTeSOs8DPavpbYgEr/b0YL8/2GO3xJEhInFmhKMUnEJQjZumK7KXGFhUy89PrsJWlakBVg==",
      "license": "ISC"
    },
    "node_modules/tar-stream": {
      "version": "2.2.0",
      "resolved": "https://registry.npmjs.org/tar-stream/-/tar-stream-2.2.0.tgz",
      "integrity": "sha512-ujeqbceABgwMZxEJnk2HDY2DlnUZ+9oEcb1KzTVfYHio0UE6dG71n60d8D2I4qNvleWrrXpmjpt7vZeF1LnMZQ==",
      "license": "MIT",
      "dependencies": {
        "bl": "^4.0.3",
        "end-of-stream": "^1.4.1",
        "fs-constants": "^1.0.0",
        "inherits": "^2.0.3",
        "readable-stream": "^3.1.1"
      },
      "engines": {
        "node": ">=6"
      }
    },
    "node_modules/tar/node_modules/minipass": {
      "version": "5.0.0",
      "resolved": "https://registry.npmjs.org/minipass/-/minipass-5.0.0.tgz",
      "integrity": "sha512-3FnjYuehv9k6ovOEbyOswadCDPX1piCfhV8ncmYtHOjuPwylVWsghTLo7rabjC3Rx5xD4HDx8Wm1xnMF7S5qFQ==",
      "license": "ISC",
      "engines": {
        "node": ">=8"
      }
    },
    "node_modules/toidentifier": {
      "version": "1.0.1",
      "resolved": "https://registry.npmjs.org/toidentifier/-/toidentifier-1.0.1.tgz",
      "integrity": "sha512-o5sSPKEkg/DIQNmH43V0/uerLrpzVedkUh8tGNvaeXpfpuwjKenlSox/2O/BTlZUtEe+JG7s5YhEz608PlAHRA==",
      "license": "MIT",
      "engines": {
        "node": ">=0.6"
      }
    },
    "node_modules/tunnel-agent": {
      "version": "0.6.0",
      "resolved": "https://registry.npmjs.org/tunnel-agent/-/tunnel-agent-0.6.0.tgz",
      "integrity": "sha512-McnNiV1l8RYeY8tBgEpuodCC1mLUdbSN+CYBL7kJsJNInOP8UjDDEwdk6Mw60vdLLrr5NHKZhMAOSrR2NZuQ+w==",
      "license": "Apache-2.0",
      "dependencies": {
        "safe-buffer": "^5.0.1"
      },
      "engines": {
        "node": "*"
      }
    },
    "node_modules/type-is": {
      "version": "1.6.18",
      "resolved": "https://registry.npmjs.org/type-is/-/type-is-1.6.18.tgz",
      "integrity": "sha512-TkRKr9sUTxEH8MdfuCSP7VizJyzRNMjj2J2do2Jr3Kym598JVdEksuzPQCnlFPW4ky9Q+iA+ma9BGm06XQBy8g==",
      "license": "MIT",
      "dependencies": {
        "media-typer": "0.3.0",
        "mime-types": "~2.1.24"
      },
      "engines": {
        "node": ">= 0.6"
      }
    },
    "node_modules/unique-filename": {
      "version": "1.1.1",
      "resolved": "https://registry.npmjs.org/unique-filename/-/unique-filename-1.1.1.tgz",
      "integrity": "sha512-Vmp0jIp2ln35UTXuryvjzkjGdRyf9b2lTXuSYUiPmzRcl3FDtYqAwOnTJkAngD9SWhnoJzDbTKwaOrZ+STtxNQ==",
      "license": "ISC",
      "optional": true,
      "dependencies": {
        "unique-slug": "^2.0.0"
      }
    },
    "node_modules/unique-slug": {
      "version": "2.0.2",
      "resolved": "https://registry.npmjs.org/unique-slug/-/unique-slug-2.0.2.tgz",
      "integrity": "sha512-zoWr9ObaxALD3DOPfjPSqxt4fnZiWblxHIgeWqW8x7UqDzEtHEQLzji2cuJYQFCU6KmoJikOYAZlrTHHebjx2w==",
      "license": "ISC",
      "optional": true,
      "dependencies": {
        "imurmurhash": "^0.1.4"
      }
    },
    "node_modules/unpipe": {
      "version": "1.0.0",
      "resolved": "https://registry.npmjs.org/unpipe/-/unpipe-1.0.0.tgz",
      "integrity": "sha512-pjy2bYhSsufwWlKwPc+l3cN7+wuJlK6uz0YdJEOlQDbl6jo/YlPi4mb8agUkVC8BF7V8NuzeyPNqRksA3hztKQ==",
      "license": "MIT",
      "engines": {
        "node": ">= 0.8"
      }
    },
    "node_modules/util-deprecate": {
      "version": "1.0.2",
      "resolved": "https://registry.npmjs.org/util-deprecate/-/util-deprecate-1.0.2.tgz",
      "integrity": "sha512-EPD5q1uXyFxJpCrLnCc1nHnq3gOa6DZBocAIiI2TaSCA7VCJ1UJDMagCzIkXNsUYfD1daK//LTEQ8xiIbrHtcw==",
      "license": "MIT"
    },
    "node_modules/utils-merge": {
      "version": "1.0.1",
      "resolved": "https://registry.npmjs.org/utils-merge/-/utils-merge-1.0.1.tgz",
      "integrity": "sha512-pMZTvIkT1d+TFGvDOqodOclx0QWkkgi6Tdoa8gC8ffGAAqz9pzPTZWAybbsHHoED/ztMtkv/VoYTYyShUn81hA==",
      "license": "MIT",
      "engines": {
        "node": ">= 0.4.0"
      }
    },
    "node_modules/vary": {
      "version": "1.1.2",
      "resolved": "https://registry.npmjs.org/vary/-/vary-1.1.2.tgz",
      "integrity": "sha512-BNGbWLfd0eUPabhkXUVm0j8uuvREyTh5ovRa/dyow/BqAbZJyC+5fU+IzQOzmAKzYqYRAISoRhdQr3eIZ/PXqg==",
      "license": "MIT",
      "engines": {
        "node": ">= 0.8"
      }
    },
    "node_modules/which": {
      "version": "2.0.2",
      "resolved": "https://registry.npmjs.org/which/-/which-2.0.2.tgz",
      "integrity": "sha512-BLI3Tl1TW3Pvl70l3yq3Y64i+awpwXqsGBYWkkqMtnbXgrMD+yj7rhW0kuEDxzJaYXGjEW5ogapKNMEKNMjibA==",
      "license": "ISC",
      "optional": true,
      "dependencies": {
        "isexe": "^2.0.0"
      },
      "bin": {
        "node-which": "bin/node-which"
      },
      "engines": {
        "node": ">= 8"
      }
    },
    "node_modules/wide-align": {
      "version": "1.1.5",
      "resolved": "https://registry.npmjs.org/wide-align/-/wide-align-1.1.5.tgz",
      "integrity": "sha512-eDMORYaPNZ4sQIuuYPDHdQvf4gyCF9rEEV/yPxGfwPkRodwEgiMUUXTx/dex+Me0wxx53S+NgUHaP7y3MGlDmg==",
      "license": "ISC",
      "optional": true,
      "dependencies": {
        "string-width": "^1.0.2 || 2 || 3 || 4"
      }
    },
    "node_modules/wrappy": {
      "version": "1.0.2",
      "resolved": "https://registry.npmjs.org/wrappy/-/wrappy-1.0.2.tgz",
      "integrity": "sha512-l4Sp/DRseor9wL6EvV2+TuQn63dMkPjZ/sp9XkghTEbV9KlPS1xUsZ3u7/IQO4wxtcFB4bgpQPRcR3QCvezPcQ==",
      "license": "ISC"
    },
    "node_modules/yallist": {
      "version": "4.0.0",
      "resolved": "https://registry.npmjs.org/yallist/-/yallist-4.0.0.tgz",
      "integrity": "sha512-3wdGidZyq5PB084XLES5TpOSRA3wjXAlIWMhum2kRcv/41Sn2emQ0dycQW4uZXLejwKvg6EsvbdlVL+FYEct7A==",
      "license": "ISC"
    }
  }
}
